train/loss,train/reconstruction,train/kl,train/destination,epoch,step,val/loss,val/reconstruction,val/kl,val/destination
1.4113160371780396,0.051730815321207047,1.2000001668930054,0.15958499908447266,0,199,,,,
1.4384818077087402,0.05884789302945137,1.2000000476837158,0.17963391542434692,0,399,,,,
1.3099654912948608,0.05570279061794281,1.2000001668930054,0.05426255613565445,0,599,,,,
1.4059511423110962,0.05709277093410492,1.1999999284744263,0.14885838329792023,0,799,,,,
1.2970134019851685,0.04831398278474808,1.2000000476837158,0.048699360340833664,0,999,,,,
1.3197253942489624,0.03185438737273216,1.2000001668930054,0.08787081390619278,0,1199,,,,
1.3406943082809448,0.03438033163547516,1.2000000476837158,0.10631392896175385,0,1399,,,,
,,,,0,1516,1.3620725870132446,0.0645979791879654,1.2000000476837158,0.09747461974620819
1.2811353206634521,0.029279837384819984,1.2000000476837158,0.051855504512786865,1,1599,,,,
1.2919012308120728,0.028896478936076164,1.2020049095153809,0.06099989265203476,1,1799,,,,
1.2831931114196777,0.02598194219172001,1.2000000476837158,0.05721111223101616,1,1999,,,,
1.2979425191879272,0.02716277353465557,1.20268714427948,0.06809261441230774,1,2199,,,,
1.2779831886291504,0.025945885106921196,1.2025552988052368,0.049482040107250214,1,2399,,,,
1.2768229246139526,0.02942798286676407,1.2000000476837158,0.047394923865795135,1,2599,,,,
1.2387183904647827,0.025943031534552574,1.2011560201644897,0.011619314551353455,1,2799,,,,
1.314291000366211,0.031619053333997726,1.2011774778366089,0.08149444311857224,1,2999,,,,
,,,,1,3033,1.4286725521087646,0.11519792675971985,1.2000263929367065,0.1134483814239502
1.2967936992645264,0.02578069269657135,1.2013516426086426,0.06966142356395721,2,3199,,,,
1.2811288833618164,0.026773439720273018,1.2002220153808594,0.05413338169455528,2,3399,,,,
1.2840020656585693,0.026867220178246498,1.2065002918243408,0.050634562969207764,2,3599,,,,
1.3110250234603882,0.023678360506892204,1.202193021774292,0.08515365421772003,2,3799,,,,
1.4136772155761719,0.022069351747632027,1.20039701461792,0.19121092557907104,2,3999,,,,
1.262701392173767,0.026387516409158707,1.2015153169631958,0.03479846939444542,2,4199,,,,
1.4324281215667725,0.03227989003062248,1.212502360343933,0.18764589726924896,2,4399,,,,
,,,,2,4550,1.3221346139907837,0.0467548631131649,1.2000000476837158,0.07537973672151566
1.320565938949585,0.030072366818785667,1.2048649787902832,0.08562865108251572,3,4599,,,,
1.298174500465393,0.034325309097766876,1.2001683712005615,0.06368076056241989,3,4799,,,,
1.2640206813812256,0.027229148894548416,1.2033061981201172,0.033485252410173416,3,4999,,,,
1.2969565391540527,0.02646161988377571,1.2008754014968872,0.06961952149868011,3,5199,,,,
1.2863478660583496,0.026167131960392,1.2013928890228271,0.058787792921066284,3,5399,,,,
1.2623085975646973,0.02853947877883911,1.2003270387649536,0.03344201296567917,3,5599,,,,
1.3660624027252197,0.02822217345237732,1.2006405591964722,0.13719959557056427,3,5799,,,,
1.2933616638183594,0.026356328278779984,1.2004157304763794,0.06658955663442612,3,5999,,,,
,,,,3,6067,1.307867407798767,0.0332394540309906,1.2000000476837158,0.07462795823812485
1.298012375831604,0.030511409044265747,1.201699137687683,0.06580191105604172,4,6199,,,,
1.3007627725601196,0.025999562814831734,1.2012470960617065,0.07351615279912949,4,6399,,,,
1.2659732103347778,0.028184641152620316,1.1999999284744263,0.037788670510053635,4,6599,,,,
1.2711845636367798,0.025251872837543488,1.2026447057724,0.043288007378578186,4,6799,,,,
1.2453020811080933,0.02709999307990074,1.2000000476837158,0.01820208691060543,4,6999,,,,
1.301971673965454,0.02065185457468033,1.2021816968917847,0.07913820445537567,4,7199,,,,
1.2921501398086548,0.03012845292687416,1.201053261756897,0.060968346893787384,4,7399,,,,
,,,,4,7584,1.3010504245758057,0.038365188986063004,1.2000010013580322,0.06268418580293655
1.262253761291504,0.028647007420659065,1.2013219594955444,0.0322846882045269,5,7599,,,,
1.2529654502868652,0.03236036375164986,1.2001500129699707,0.020455125719308853,5,7799,,,,
1.323599934577942,0.038434647023677826,1.2041658163070679,0.08099950850009918,5,7999,,,,
1.2672638893127441,0.026617422699928284,1.2010210752487183,0.03962542116641998,5,8199,,,,
1.2939391136169434,0.02687806636095047,1.2006642818450928,0.06639672070741653,5,8399,,,,
1.309424638748169,0.025682752951979637,1.201141357421875,0.08260051161050797,5,8599,,,,
1.2818759679794312,0.03082764334976673,1.200999140739441,0.050049178302288055,5,8799,,,,
1.249021291732788,0.03116527944803238,1.2005555629730225,0.017300525680184364,5,8999,,,,
,,,,5,9101,1.2881683111190796,0.02295946143567562,1.2003122568130493,0.06489647179841995
1.2948492765426636,0.01933116279542446,1.200065016746521,0.07545299082994461,6,9199,,,,
1.334662914276123,0.026820149272680283,1.2020645141601562,0.10577822476625443,6,9399,,,,
1.3681291341781616,0.028136827051639557,1.200960636138916,0.13903167843818665,6,9599,,,,
1.2802910804748535,0.026152679696679115,1.2014269828796387,0.05271132290363312,6,9799,,,,
1.3158667087554932,0.030979424715042114,1.2000770568847656,0.084810271859169,6,9999,,,,
1.2864583730697632,0.02944650687277317,1.2032743692398071,0.05373748764395714,6,10199,,,,
1.246415376663208,0.022032765671610832,1.2022967338562012,0.022085903212428093,6,10399,,,,
1.32806396484375,0.025759058073163033,1.2004565000534058,0.10184833407402039,6,10599,,,,
,,,,6,10618,1.2967429161071777,0.03929788991808891,1.2000764608383179,0.05736858770251274
1.2542113065719604,0.019286515191197395,1.2005444765090942,0.03438030555844307,7,10799,,,,
1.2489044666290283,0.02606148086488247,1.2028311491012573,0.020011775195598602,7,10999,,,,
1.2912794351577759,0.025798508897423744,1.2010107040405273,0.06447014957666397,7,11199,,,,
1.2875878810882568,0.020461510866880417,1.2001895904541016,0.06693677604198456,7,11399,,,,
1.2807282209396362,0.021610230207443237,1.2008427381515503,0.05827520415186882,7,11599,,,,
1.3820141553878784,0.02626829780638218,1.2000974416732788,0.15564844012260437,7,11799,,,,
1.2325079441070557,0.024528875946998596,1.2002333402633667,0.007745769806206226,7,11999,,,,
,,,,7,12135,1.283543586730957,0.02794458344578743,1.2000304460525513,0.055568479001522064
1.3214385509490967,0.022170400246977806,1.2007050514221191,0.09856308996677399,8,12199,,,,
1.239230990409851,0.029021436348557472,1.2001237869262695,0.010085763409733772,8,12399,,,,
1.2709072828292847,0.028310904279351234,1.2004451751708984,0.04215126484632492,8,12599,,,,
1.3362507820129395,0.02797263115644455,1.200238823890686,0.10803933441638947,8,12799,,,,
1.3124431371688843,0.020356517285108566,1.2006787061691284,0.0914078801870346,8,12999,,,,
1.2363461256027222,0.022355152294039726,1.2007991075515747,0.013191874139010906,8,13199,,,,
1.234889030456543,0.02650642767548561,1.200143575668335,0.008239077404141426,8,13399,,,,
1.3017035722732544,0.026614660397171974,1.2005398273468018,0.07454904913902283,8,13599,,,,
,,,,8,13652,1.2824722528457642,0.026510989293456078,1.200081706047058,0.0558796264231205
1.3196038007736206,0.02291218936443329,1.2006020545959473,0.09608957916498184,9,13799,,,,
1.2466509342193604,0.021434634923934937,1.2005934715270996,0.02462279610335827,9,13999,,,,
1.3497843742370605,0.023027008399367332,1.2005913257598877,0.1261659413576126,9,14199,,,,
1.2884443998336792,0.02506355755031109,1.2002102136611938,0.06317063421010971,9,14399,,,,
1.2714629173278809,0.022233061492443085,1.2003505229949951,0.048879362642765045,9,14599,,,,
1.3382408618927002,0.01962120831012726,1.2010986804962158,0.11752092838287354,9,14799,,,,
1.3041572570800781,0.026761166751384735,1.2018603086471558,0.07553577423095703,9,14999,,,,
,,,,9,15169,1.2872288227081299,0.030789867043495178,1.2000000476837158,0.0564388632774353
1.2438098192214966,0.020374758169054985,1.2006821632385254,0.022752882912755013,10,15199,,,,
1.2306550741195679,0.02075987309217453,1.2007285356521606,0.009166736155748367,10,15399,,,,
1.2540786266326904,0.023367945104837418,1.2000000476837158,0.030710628256201744,10,15599,,,,
1.255204677581787,0.029842479154467583,1.2003830671310425,0.02497910149395466,10,15799,,,,
1.242985486984253,0.023565979674458504,1.2003846168518066,0.019034860655665398,10,15999,,,,
1.2694127559661865,0.028842637315392494,1.2005616426467896,0.040008481591939926,10,16199,,,,
1.231532335281372,0.02192242443561554,1.2007412910461426,0.008868588134646416,10,16399,,,,
1.285120964050293,0.02251313626766205,1.200337290763855,0.06227051839232445,10,16599,,,,
,,,,10,16686,1.2915600538253784,0.032458458095788956,1.2000732421875,0.059028469026088715
1.295516848564148,0.02663303166627884,1.2005361318588257,0.06834769248962402,11,16799,,,,
1.2298178672790527,0.01907283626496792,1.2004504203796387,0.010294560343027115,11,16999,,,,
1.2804893255233765,0.03075217828154564,1.2008850574493408,0.048852089792490005,11,17199,,,,
1.249013066291809,0.02154497057199478,1.2004467248916626,0.027021383866667747,11,17399,,,,
1.297358512878418,0.023738518357276917,1.2006423473358154,0.07297766208648682,11,17599,,,,
1.240776777267456,0.024711865931749344,1.2007187604904175,0.015346166677772999,11,17799,,,,
1.2593443393707275,0.022891467437148094,1.2001286745071411,0.036324188113212585,11,17999,,,,
1.2746182680130005,0.02510986663401127,1.200838327407837,0.04867010563611984,11,18199,,,,
,,,,11,18203,1.2903187274932861,0.03322432190179825,1.200009822845459,0.05708456411957741
1.3006627559661865,0.021169498562812805,1.2004789113998413,0.079014353454113,12,18399,,,,
1.2792507410049438,0.02188039757311344,1.2000161409378052,0.05735420435667038,12,18599,,,,
1.2654407024383545,0.02317248471081257,1.2004765272140503,0.041791632771492004,12,18799,,,,
1.2910727262496948,0.025423623621463776,1.2000707387924194,0.06557837128639221,12,18999,,,,
1.2613909244537354,0.01711859554052353,1.2016031742095947,0.042669229209423065,12,19199,,,,
1.292654037475586,0.017187034711241722,1.2000000476837158,0.07546700537204742,12,19399,,,,
1.2566766738891602,0.019012566655874252,1.2007426023483276,0.036921486258506775,12,19599,,,,
,,,,12,19720,1.2910487651824951,0.03453493118286133,1.2000000476837158,0.05651376396417618
