epoch,stage,teacher_forcing,train_loss,train_recon_loss,train_roll_loss,train_prior_roll_loss,train_endpoint_roll_loss,train_prior_endpoint_roll_loss,train_prior_control_loss,train_late_prior_control_loss,train_start_prior_roll_loss,train_start_prior_endpoint_loss,train_start_prior_control_loss,train_plan_loss,train_plan_state_loss,train_joint_plan_loss,train_overlap_loss,train_local_residual_loss,train_plan_smoothness_loss,train_plan_mode_mixture_loss,train_plan_mode_diversity_loss,train_plan_mode_calibration_loss,train_anchor_loss,train_latent_loss,train_switch_rate,train_boundary_target_rate,train_rollout_response_steps,val_loss,val_recon_loss,val_roll_loss,val_prior_roll_loss,val_endpoint_roll_loss,val_prior_endpoint_roll_loss,val_first_step_recon,val_anchor_loss,val_latent_loss,val_latent_kl,val_duration_nll,val_censor_nll,val_posterior_boundary_nll,val_prototype_reconstruction,val_state_bootstrap_nll,val_switch_rate,val_boundary_target_rate,val_prior_control_loss,val_late_prior_control_loss,val_start_prior_roll_loss,val_start_prior_endpoint_loss,val_start_prior_control_loss,val_plan_loss,val_plan_state_loss,val_joint_plan_loss,val_overlap_loss,val_local_residual_loss,val_plan_smoothness_loss,val_roll_mode_ADE_m,val_roll_mode_FDE_m,val_roll_mode_1s_ADE_m,val_roll_mode_1s_FDE_m,val_roll_mode_1s_gap_MAE_m,selection_eligible
1,joint,1.0,2.4568320762530593,0.09677653585899186,0.025390129160908045,0.3124840762445098,0.032221961855078335,0.4413899359623411,0.15135086237506715,0.14765569207386145,0.060644097250726996,0.06932729754348034,0.24593591620873487,0.08649200870152372,0.08546661847985074,0.0,0.001977641041715453,0.0009043819585072546,0.003978187399721227,0.0,0.0,0.0,0.7608700402730724,10.671716842888976,0.5873848112091202,0.03911779912363734,19.96489241223103,3.706922080781725,0.4247205512864249,0.5095664166584217,0.5361556387136853,0.7213422271309706,0.7628062307519257,0.03791496808093692,0.8148429478917804,8.178749558786867,0.1980481789540992,0.6511713701581198,0.25092908653317303,1.1840098497098086,0.3688001949635763,1.2827596506744465,0.7460702266642656,0.037916582141800846,0.16399021233831132,0.16944689938315638,0.058555620825952955,0.06545935265680469,0.2436727854625258,0.17276263118736326,0.6701758718364453,0.0,0.007559696655897867,0.0007670901548831906,0.0031377512680750993,0.23164215286255807,0.9920568130403657,0.030249558343518536,0.04127261966792077,0.026080253230224552,1.0
2,joint,1.0,2.2128889143534454,0.09694831479142503,0.025371275316936514,0.3216263154186182,0.03222161454031516,0.4553305162612606,0.15182553700014256,0.14823750079116896,0.05882993634549705,0.06607844850991347,0.24578668980406743,0.08603140629093887,0.08523993096224719,0.0,0.0015834307318895059,0.0013624002713639404,0.0040247593236409996,0.0,0.0,0.0,0.7029103461235323,7.17777256625425,0.8664051588637373,0.039097468348669305,20.101925254813136,3.5464212907054438,0.42000011634574363,0.503369058093066,0.5318199867609317,0.7120364917018426,0.7557247249537675,0.03763126173899287,0.7839423288743963,6.042226150553063,0.21558608619308978,0.30036056640917663,0.21414604696331832,1.8618310759307215,0.3510890828553962,0.8991173206183015,0.887070824860265,0.037916582141800846,0.1625428263630186,0.16730153931196404,0.05786289410695197,0.06536992568345297,0.24378225790760505,0.17161328814647817,0.6620854218170126,0.0,0.00561464364300408,0.0017701874471087225,0.00332940144405242,0.2303654407877395,0.9811273259383704,0.030240530358362674,0.04129486537816507,0.02612729761044483,1.0
3,joint,1.0,2.075724608090834,0.09667131492903927,0.025358484235264166,0.3055807732442227,0.032222458413493055,0.43221541935428215,0.15083722318791587,0.1464095942903888,0.05799963066643389,0.0656766446174406,0.24593416990402195,0.08678336482862115,0.08570806801082864,0.0,0.0014454960769795446,0.002129615736847885,0.004193940409801959,0.0,0.0,0.0,0.6662667130424914,5.58326456311875,0.9046397811964171,0.03912415249022156,19.727066817667044,3.435260504011124,0.4197087660037651,0.5031525497398679,0.527691246655883,0.7118746162091614,0.7490632716940824,0.03728707905405413,0.7549973928108418,4.639338074537812,0.21861270062191776,0.2513948818520894,0.19388198797349576,2.229290148568532,0.3202598839209824,0.6195732170627231,0.9146497221220107,0.037916582141800846,0.16239360566177066,0.16691740771765431,0.0568428930466768,0.06451402423243044,0.24410065377830828,0.1713916192609797,0.6619081844097723,0.0,0.005656823008345864,0.002460260202901231,0.0032878331519742175,0.2296070045498745,0.9733603883060263,0.030217376310255797,0.04123156478468623,0.026177428077644203,1.0
4,joint,1.0,2.000016096629211,0.09697970193583995,0.025326157790331313,0.32083301286667687,0.03222567178857421,0.45396082391825293,0.15174916231348723,0.14774217351106664,0.05681214164752652,0.06436339873369121,0.24617987408778405,0.0859528044460179,0.08511555672434422,0.0,0.0015995250561296737,0.0026221043583995,0.004160146757386549,0.0,0.0,0.0,0.6327428189976434,4.6349639087949175,0.9275877097049899,0.03912859993416179,20.057757644394112,3.3692013876778737,0.4193285038231542,0.5023741534462681,0.5330818836335782,0.7107997940330909,0.7568348942610322,0.036929911938766956,0.7204084967179273,4.16108904692231,0.22564964469463106,0.2626808325922678,0.14713262790252293,2.376670167559669,0.3052998334957809,0.5252317119212377,0.9251479046054618,0.037916582141800846,0.162444277494042,0.1668549059402375,0.05555714018366955,0.06292113399615994,0.24443081454940574,0.17097328059257022,0.6609955013744415,0.0,0.006297507845653743,0.0025746161315255063,0.0034382471004156053,0.23204905077831248,0.9800947032882802,0.030160289770321043,0.041020048935560355,0.02621616104492213,1.0
5,joint,1.0,1.926371145356417,0.09695924717262135,0.025305637872502597,0.3133347461407209,0.03222479151260205,0.443089179331827,0.15144711673799754,0.1469036215074605,0.055658420516201214,0.06293970036361522,0.24662267307867955,0.08639223913272942,0.08543835105300625,0.0,0.00192772451285083,0.003056276339662102,0.00426938376834538,0.0,0.0,0.0,0.6005583786883414,4.151667684012875,0.9476174417195476,0.03910699829940145,19.84144960362401,3.3336035221342057,0.4219058187550338,0.5067449311415354,0.5463654706402431,0.717860516101595,0.7768490033805686,0.03666806575797853,0.6908158975303489,3.7540246393314747,0.21716167434813485,0.23430996581360145,0.14742807909925149,2.538643731011285,0.2795325281128051,0.4481862906425718,0.9464931702487683,0.037916582141800846,0.16265429225232866,0.1669388527750338,0.05456239540898611,0.06157790179605837,0.2448200775044305,0.17106764357556742,0.6673586863689321,0.0,0.006630846917648953,0.002649277999317126,0.0034467509969891537,0.237057454409995,1.0028993133037076,0.03014093746681808,0.040909811944862505,0.026255474294653802,1.0
6,joint,1.0,1.8824604165108532,0.09709207156708935,0.025307647831155786,0.31619505290604394,0.03227684330427228,0.4470105212211339,0.15174622902075,0.14720008130758022,0.0549013064678501,0.06190111718877796,0.2470380531229492,0.08617826442351292,0.08538632877888253,0.0,0.0022630170408250304,0.0033862299018456166,0.0042536876835182124,0.0,0.0,0.0,0.574044486033147,3.8831420757492427,0.9484802325206597,0.03912415246068925,19.917327293318234,3.2325016506134516,0.4118273354396618,0.4911303975910106,0.5178116153156946,0.6938519036328351,0.7326747986374709,0.0364332481942795,0.6704620977558157,3.5462319724774236,0.21218959931974057,0.22245839782177457,0.12304041714028076,2.6138142050889432,0.26759551907027207,0.41349889945100854,0.9351125277539409,0.037916582141800846,0.1617109952937989,0.16552151849976293,0.05396416726172286,0.060722564696950254,0.24521605489115236,0.170527102928313,0.646431099485468,0.0,0.006889602802595291,0.0036446527459673464,0.0035669670708812578,0.22798636053945984,0.9496228747000349,0.030164505374328507,0.04093035041886309,0.026294303558493215,1.0
7,joint,1.0,1.8482833819913163,0.09719166541862326,0.025312602705620694,0.3137219797478122,0.03233551926750559,0.443042934734041,0.15192209639811166,0.14727795435408908,0.05454615685384244,0.06161847205606889,0.24746052937693935,0.08610262002032314,0.08540986124784733,0.0,0.0025432748218527906,0.003707015706017394,0.004406805696558642,0.0,0.0,0.0,0.5531828299181648,3.7095708366428606,0.9444393602664987,0.03912859992045036,19.92638731596829,3.2188203410496787,0.41546698269389926,0.4962780149210067,0.5085806561210168,0.7015902835225302,0.718724651626809,0.036273750363203586,0.655570580530419,3.4021851322638295,0.19229369291237422,0.19022101376737868,0.12908162149014296,2.7327087783308888,0.2477106711378804,0.3919401859480237,0.9457256522758928,0.037916582141800846,0.16224277752732474,0.1660466280879167,0.05417207324946368,0.06173658688311224,0.24568526628156187,0.17097263266800572,0.6535959391997604,0.0,0.007060758308778522,0.0035377357527120877,0.0035060809262431963,0.2245443338308852,0.9328836403128637,0.030316839450547466,0.0413866319652611,0.026365396085511642,1.0
8,joint,1.0,1.8375263717679449,0.09741813316519371,0.025311977263974578,0.3138338483000936,0.03238586003713875,0.4423486729946709,0.15249068240212152,0.1479519489701175,0.05509379059329443,0.06349819024870781,0.2480292663163804,0.08578662839238263,0.08526128792918011,0.0,0.0027636211436127957,0.0039031072862505374,0.0043664648010904895,0.0,0.0,0.0,0.5372733055262712,3.6071317773713125,0.9352219313349351,0.03910763369449166,20.05096262740657,3.1951530244615345,0.40665150146005014,0.48182190820653603,0.4879665363717962,0.6794959281487439,0.688198931002743,0.036126580187883325,0.6402664294949284,3.3153900545110147,0.17625667454389038,0.1959509922871514,0.09990227616653241,2.7513071859955156,0.23849627210034263,0.38339140853553855,0.9144081776104276,0.037916582141800846,0.16231961926770588,0.16584393799935698,0.057541305741305074,0.07062594635934426,0.24675624529836038,0.17051354192552112,0.634131702796492,0.0,0.007107595274983732,0.0036427226563097623,0.003864044094428657,0.2153157521240999,0.8993526843434979,0.0308731382761052,0.043272509925293676,0.026524481494963434,1.0
9,joint,1.0,1.8208187310908956,0.09754717214157466,0.025308260162564527,0.30598620331233384,0.032409734034642895,0.4304181447891795,0.15270238983975395,0.14796348232543888,0.055406587985201844,0.06532475936183303,0.24861241411312252,0.08585394657346697,0.0853156287682961,0.0,0.003040713125983272,0.004028874566506422,0.004402559842821527,0.0,0.0,0.0,0.5255326328299189,3.4826925405694564,0.9194163767154733,0.03912796455489246,19.978482446206115,3.1377187683468772,0.4057418051220122,0.47855223975484334,0.48880014580393594,0.6738605726332891,0.688911532914197,0.035822311800623695,0.6388293164116996,3.1472842188739274,0.19882439952048045,0.18630797467219135,0.09406766346680424,2.776711656933739,0.22053690120656655,0.35067387106557374,0.9172289239035712,0.037916582141800846,0.16326625952644955,0.16695440406837161,0.0540917258335169,0.06356271202602083,0.2466808602450386,0.17136821016748116,0.6294929659555829,0.0,0.007111051408130498,0.0036387379532532085,0.0037160179917774504,0.2179645560885489,0.9017207743969322,0.030451994911754834,0.04182664072120238,0.026488356726030254,1.0
10,joint,1.0,1.7925005889289916,0.0977302110529297,0.025299833479969176,0.31175090666197974,0.03245105100574134,0.43854716092786866,0.1532026120078658,0.14861653530010416,0.05396332603163114,0.06271787546364124,0.24869511201387084,0.08543188497002235,0.08503868980153906,0.0,0.0032337316876701327,0.004183995765280548,0.004368288072811214,0.0,0.0,0.0,0.513422962392038,3.3668034198195045,0.9085480554592569,0.03913495325961172,20.151755379388447,3.0826920378145086,0.39855448499558466,0.4682574401456843,0.4809668079885856,0.658201018338481,0.6769256847245353,0.03569117289962907,0.633746465993306,3.1568526401721613,0.22350888387866752,0.1920736392654439,0.08205817143122356,2.7354455158193276,0.2077147594046971,0.35352716165244896,0.9066766661310953,0.037916582141800846,0.16185962081586242,0.16502100489442312,0.0526319185971583,0.06054610439709255,0.24674955530772133,0.17014334473029646,0.6155110777370514,0.0,0.00697252929959663,0.004329279682318133,0.003762097279023793,0.21666650393167408,0.8889020874107578,0.030375503302968048,0.04143854583533628,0.026528643074056703,1.0
11,joint,0.95,1.7627963679563148,0.09838983175236128,0.026234234587235603,0.2944028731245687,0.03334698213279112,0.41352601432044267,0.15262071724183698,0.1473300066752315,0.05353335073873789,0.062149105448010014,0.2490110655366902,0.08694064463588956,0.08662247316044833,0.0,0.003358416541164165,0.0042865330159309765,0.004502191513909674,0.0,0.0,0.0,0.5059531642923538,3.2911339211166917,0.9032744079456999,0.03911716381292516,19.80634201585504,3.073812415360143,0.3991389829645712,0.46842367529238343,0.48656329559901407,0.6579670682155266,0.6851476541271916,0.03551342942451358,0.6161060576085691,3.179910806121019,0.2076053114006759,0.17965527667255,0.08134854303071738,2.7559602702105486,0.1923174650738479,0.3659988272757757,0.9011024980948715,0.037916582141800846,0.16189907664659792,0.16485947788392424,0.05266875840684093,0.06086746153850404,0.24696030897438212,0.16957319318932831,0.615177576188688,0.0,0.006882937408234707,0.0038079827834196665,0.003399279338145067,0.21861383817920088,0.8973446599852496,0.030450082041493392,0.04164441813146361,0.026587326574088643,1.0
12,joint,0.9,1.76170180216516,0.09943814538545814,0.027264708741689323,0.2995449638548956,0.034360081775879674,0.4205573526709968,0.15325640352909048,0.14817882114905329,0.05341878627444853,0.06230397710190624,0.24930469458870008,0.08725133043790863,0.08750958407417969,0.0,0.0034811253206422582,0.0043561990480418585,0.004581649440191981,0.0,0.0,0.0,0.4986059890125508,3.2546314383147124,0.8990784901724801,0.03911208109413342,19.986409966024915,3.033900983749874,0.3963119439662449,0.4636104499536847,0.4704585613081695,0.6505176932723434,0.6612886862149314,0.035387979495146916,0.6068556135293668,3.120450914221466,0.20422995847368997,0.17735754694572833,0.07544073870494253,2.8153682234426025,0.17904300514667754,0.35610752146710795,0.9030783901769648,0.037916582141800846,0.16202277497008996,0.164829098279514,0.05244370599193548,0.06083796995263251,0.24756645076173953,0.17005088026561435,0.6084125953376609,0.0,0.006792935049999013,0.003906313713058514,0.004046564369841858,0.2135663053155433,0.8741186754479723,0.030503152301595483,0.041760017901004746,0.02664001857956431,1.0
13,joint,0.85,1.7539181076116768,0.10045876020685868,0.028435973982123126,0.2987696436125182,0.03554056387812338,0.4192546814308836,0.15347546729705341,0.14833832978527245,0.05327151088826654,0.062468409719681824,0.2496558758910083,0.08801764029574961,0.08880464325944808,0.0,0.0035910057950773334,0.004458470970639033,0.004538419187366372,0.0,0.0,0.0,0.49085054999704675,3.2039007568143365,0.8921315331151234,0.03911081036196289,20.020385050962627,3.0182474088416527,0.3956611028739384,0.46214713085265385,0.4707322172702305,0.6481841257009556,0.6613271816697701,0.03523577829556806,0.5999193547894714,2.93630494011773,0.20225312367633538,0.1950496330305382,0.05558611863544063,2.8181556923679576,0.1672600711937304,0.3223234143048998,0.88912850082236,0.037916582141800846,0.16204123403975573,0.16474493833445997,0.05253191101093772,0.0615661529203256,0.24776897433573608,0.1695283891820403,0.6065110343473928,0.0,0.006782239197048718,0.004036071970221148,0.0038932434433489723,0.21420156633511925,0.8754657084849735,0.030577414239436006,0.04196432233248525,0.02670739369668301,1.0
14,joint,0.8,1.7403947359303251,0.101376389989699,0.02971253177469611,0.2921981753640105,0.036809370638897575,0.4097734164712383,0.15317987347715709,0.1476747027069904,0.05314869060268623,0.06254296010678649,0.24986086017953174,0.0892215953593481,0.09047748728962204,0.0,0.003691966624852451,0.004492692474543728,0.0046468128166493716,0.0,0.0,0.0,0.48546812768565706,3.108254605484441,0.8901026149028289,0.03910509232402118,19.881087202718007,3.016174175121166,0.39934366026883406,0.46760772870331213,0.4729889352170248,0.6561699266786929,0.6647027557489102,0.03525903702728332,0.5848068345791448,2.8645894376058427,0.2023792054760393,0.18874158383046508,0.05917709752444237,2.825861620524573,0.15423527509762497,0.31071817307245164,0.8910642512260921,0.037916582141800846,0.16212047636508942,0.1646637047724749,0.05257478640193031,0.061934625503247374,0.24795525099234605,0.16953329986365384,0.613467172024742,0.0,0.006732640689406446,0.003720812537712316,0.0036000732674938505,0.21499159450110586,0.8794107799747087,0.030613098345098944,0.04205900721062933,0.02674351824900308,1.0
15,joint,0.75,1.7304377854207904,0.10241936202058706,0.031134251813116322,0.28703223049033133,0.0382597865041088,0.4019605880381702,0.15298022031952813,0.14717463538101277,0.05309554946736463,0.06279473146792851,0.2501614828038189,0.09036771428274541,0.09213775068960266,0.0,0.0038581907462818064,0.004645480966039364,0.004652448995766627,0.0,0.0,0.0,0.47819071356734494,3.0676396300811595,0.8884291557061442,0.03910318626004397,19.788221970554925,3.009972507991488,0.3961132701742586,0.46234732424771346,0.46978449395724703,0.6480391290452745,0.6596765956550679,0.035013722324812854,0.574490055836067,3.2639999187812605,0.2022014957256418,0.19525173882012645,0.05412913715989186,2.8242224335039734,0.14484071565998924,0.392304244810942,0.8821681189158607,0.037916582141800846,0.1617517983787274,0.16409370011438137,0.052452396975938606,0.06188481228140296,0.24830683230092285,0.16905380982570548,0.6062619436985601,0.0,0.006845774257151538,0.004188845174327966,0.0036209959970422523,0.21442859071491424,0.8746113543132195,0.030652529616884767,0.04213539094449782,0.02678701526061503,1.0
16,joint,0.7,1.7298986055842882,0.1036766536727902,0.032675212576124706,0.29119407143422726,0.039864289590145964,0.4077513298591428,0.15336496986254694,0.1478315715763469,0.05307246595283597,0.06299159362372159,0.25035877240608667,0.09098140658264386,0.093625264927863,0.0,0.0038772923057099396,0.004847140314051141,0.004591573048741604,0.0,0.0,0.0,0.4715182682665936,3.017437217459673,0.8878895335262251,0.039089208833202466,19.996602491506227,2.989389805566697,0.3963943068627958,0.46346743396981055,0.4805377382765371,0.6498920747212001,0.6758139202834437,0.035023060484380315,0.5665000058986522,2.772861287707374,0.2001869118718243,0.18947296088965482,0.05736961692729324,2.800858042227528,0.12732961265340684,0.2996575330931043,0.879004576218822,0.037916582141800846,0.1612095954241576,0.163264152549562,0.052269736432997635,0.06183821061458537,0.24856639901796976,0.16868058288538898,0.6075914732362858,0.0,0.006617892511366378,0.004301780733777575,0.003896523451816941,0.2172804531066013,0.8861401952906579,0.030674012037553152,0.04216133691610449,0.026818817017528987,1.0
17,joint,0.65,1.7284868470944743,0.10503901881276549,0.034541190187378217,0.29104485270796115,0.041851026032411094,0.40747884430607206,0.1533639561701334,0.14775705000012268,0.053029694017508025,0.06316889167287612,0.25064587709520303,0.09216606802605556,0.09581573071255689,0.0,0.0039749362807623865,0.004922704659887544,0.004597666644884668,0.0,0.0,0.0,0.4661553584098276,2.993815423678164,0.8874593934683406,0.03910572768957908,20.012457531143827,2.9598204723741643,0.3946673923699313,0.4602811216677307,0.4661441746527556,0.6448503628609672,0.6546318650876404,0.03468745835519657,0.5560137415058398,2.7356051187666637,0.2086883803839406,0.19154483576615652,0.05060267235551562,2.819520458342537,0.11919774268827742,0.2921382725711853,0.874052000739587,0.037916582141800846,0.16162961839683473,0.1637478085264327,0.05239381660860051,0.06273883216516682,0.2486400913309168,0.16868122521216278,0.6034367999071797,0.0,0.006814520988396551,0.0043709983977750335,0.00393287424446532,0.21320427591088184,0.8709888801413188,0.030713783295649284,0.04229491989669308,0.02685202876533531,1.0
18,joint,0.6,1.7220158040996045,0.10654896047147727,0.03661854447858115,0.2894476998432846,0.044114402587085724,0.4049713040869746,0.15332668504993077,0.14759879204046955,0.05287563291168429,0.06301571684863128,0.2508030475063475,0.09354748206459923,0.09820479538506857,0.0,0.004054923446127556,0.005055910852840033,0.004584787896014792,0.0,0.0,0.0,0.4603791797485114,2.933207683628035,0.8875156335220467,0.03912478780726209,20.014722536806342,2.9271843181085333,0.3912972134572488,0.4550218392932226,0.46218771656985,0.6368217679558608,0.6486029470408404,0.034627272082226615,0.5429917772610983,2.7564395104766524,0.19921875118263185,0.18249039028687453,0.06005841431518396,2.867238230175442,0.10972020211358549,0.29762843952923224,0.8818677931866318,0.037916582141800846,0.1615918865279546,0.1635777213901439,0.05211472075688776,0.0619414947808735,0.2489282881456708,0.16800249080178598,0.595870245386053,0.0,0.006625213933783391,0.004542511815165795,0.0038391578247741103,0.2120184682822835,0.8628617360076778,0.03071063877928943,0.042218820635335615,0.026869523852100702,1.0
19,joint,0.55,1.722700700349473,0.10833734015713732,0.03919062587102434,0.2905634105171785,0.04699137706060642,0.40657436964128457,0.15336861919573722,0.14765056191457357,0.05278073035239633,0.06305332810513566,0.2510077542248831,0.0950721497410151,0.10135992914269491,0.0,0.004102225897154462,0.005222345263584351,0.004660067470197904,0.0,0.0,0.0,0.45526768552352453,2.903945984143768,0.8887072774588994,0.0391279645401263,20.065685164212912,2.9382959837635987,0.3954216047884926,0.462332512020434,0.4733352894505496,0.6477243398863172,0.6647757112033783,0.03443331700114031,0.5306141136815308,2.7322773592812672,0.19792591902629408,0.1777539807494986,0.06783308479047957,2.9548812076528237,0.10039258354082309,0.28993029632265604,0.9017655966143129,0.037916582141800846,0.16047226310407042,0.1620073650406782,0.05188188885175993,0.06150761167839091,0.24892207049818896,0.1674134885034864,0.6056628898968772,0.0,0.006653205267395134,0.004785131401919498,0.004001263036299004,0.21577845424241945,0.8763932582236675,0.03070576283422729,0.0421617417920352,0.026886359777149458,1.0
20,joint,0.5,1.72008740456431,0.11024857266032952,0.04212433547372186,0.2861957983414422,0.05034517826320496,0.4002816605878443,0.15300893834196158,0.14686459686822287,0.05269185763320729,0.06299853367501045,0.25116232180986914,0.0971548901881394,0.10526920851670198,0.0,0.004192047654350509,0.00538027064457097,0.004714060743262365,0.0,0.0,0.0,0.4517713221188715,2.874053478240967,0.8899476538968113,0.039098103559182563,19.936579841449603,2.925934840762426,0.39706730621832387,0.4646326380747336,0.4697296278817313,0.6513108153822561,0.659456815984514,0.034311329827658714,0.5257833628427415,2.621021901488935,0.2025232371829805,0.18436969887642635,0.05582983872641331,2.950049806524206,0.08773403472843624,0.2706105274655832,0.9025957609610583,0.037916582141800846,0.16092732635440019,0.16264598497322627,0.05157361609279794,0.06080254614747391,0.24883273669651576,0.1688945328905469,0.6086463335329894,0.0,0.006853406935949963,0.004164232225674722,0.003743670298101962,0.21531515069857987,0.8740185271015223,0.03067498568941477,0.042006930174112354,0.02688966441071119,1.0
21,joint,0.44999999999999996,1.7310657819832167,0.11279462455926909,0.046004474694637046,0.2922671055537253,0.05499487476990825,0.40896314387615784,0.15314396950896167,0.147278971683196,0.05256591851602594,0.06282962737172539,0.25127990341335027,0.09890649646588118,0.11012086467996729,0.0,0.004245039760657203,0.005539322783484937,0.00477318286327255,0.0,0.0,0.0,0.449952337608197,2.8465547650748713,0.8913628439401041,0.0391146223812806,20.118912797281993,2.9285488658481174,0.39851373260614104,0.4672614405394862,0.47121912445971575,0.6547257335728438,0.6611388417148085,0.034228458340284686,0.5161022119736546,2.6785013789222356,0.18890881049569952,0.17797304453357818,0.0569146597590396,2.9718055397114425,0.08084643647941962,0.28618140928644353,0.8991310738381886,0.037916582141800846,0.16001334360667638,0.16131607801825912,0.051702445579899683,0.06129456707645976,0.2493271002220729,0.1668003388340511,0.6116355206600572,0.0,0.006755628549153843,0.004990245944884403,0.003967274090018931,0.21537275125872735,0.8710696296556133,0.030702027172667363,0.042087679860844815,0.026913843239396367,1.0
22,joint,0.4,1.7247969184834446,0.11562609940024761,0.05060884537489606,0.28122364949869544,0.06060334567997356,0.39330840915745274,0.15244713800274773,0.14595604824621572,0.05237746761852321,0.06243410058496762,0.25143032285594724,0.10192064320750847,0.11646551870881229,0.0,0.0043650950312546935,0.005818796878847233,0.0048377993118465116,0.0,0.0,0.0,0.44852752343984587,2.790927276470923,0.8930720619410107,0.03910509233878733,19.822197055492637,2.9002090686212774,0.39600978578839985,0.46340991375307555,0.46185161480827935,0.6488506891740062,0.6478467589963681,0.034041016535074624,0.506720530766028,2.5379307106058433,0.182193864905645,0.17172087397840288,0.059061550530333996,3.01173707290932,0.07150291472121521,0.2601034500926891,0.8943353399397835,0.037916582141800846,0.15992618434958988,0.16110695259911673,0.052033787681942896,0.06257098731855867,0.24963088428217267,0.1668628301254656,0.6059945257252486,0.0,0.006648424539774183,0.004917801372588627,0.003920507388159869,0.21200482211228525,0.8602882029697012,0.03075538057017243,0.042292293926192374,0.026931816262932347,1.0
23,joint,0.35,1.7386694705094783,0.11950864410818905,0.056742822032080094,0.28338285232656807,0.06824365980492848,0.3963016324411837,0.15236965530590996,0.1458602878913739,0.052339215228167424,0.062484230660534934,0.25156711485755806,0.10461082340704356,0.12439614225554439,0.0,0.004447679749942076,0.006078269901144342,0.005002952295240534,0.0,0.0,0.0,0.447735076852455,2.747804070113064,0.8938006152518069,0.039102551015779495,19.892412231030576,2.993960013465276,0.413899466947273,0.49143631969179424,0.5016023556076029,0.690559703836996,0.7052738590845986,0.03389221131210289,0.4980609144167925,2.7351612161706993,0.18807742401720987,0.17753081102535206,0.059455626757529675,2.98582858004898,0.06643880217794389,0.29944028204711026,0.8987524783800519,0.037916582141800846,0.15938117390587217,0.16034458317453898,0.05125395417528809,0.06050164266316979,0.24940389449949618,0.16656099646179764,0.6429290632722239,0.0,0.006693415232889709,0.005042023924746053,0.0041679907873489715,0.22590140008543427,0.9133513540142297,0.03068121695863846,0.04196206633546623,0.02692713073683937,1.0
24,joint,0.30000000000000004,1.7638645215320694,0.12477782852989901,0.06503604061791877,0.2895140071333062,0.07892024460947931,0.40483505139602,0.15255062628879149,0.14617245568390747,0.05224747060126248,0.06229390466368482,0.25178334709269545,0.1078069654893497,0.1350414174801901,0.0,0.004524495002802035,0.006367943907791531,0.005155055621261302,0.0,0.0,0.0,0.44857097650843325,2.74160746161827,0.8958902831525792,0.03913177651725498,20.083805209513024,2.86225548244658,0.3919392802097179,0.4573097460799747,0.4585761694365708,0.6398428492445164,0.6431797982523682,0.03376582913376667,0.4949805873727042,2.5811880675573198,0.18390924321911323,0.1690388926595607,0.06141328091225611,3.0311139840928334,0.05722295634803318,0.27036503895565317,0.9019254515410731,0.037916582141800846,0.1597657646767046,0.16087091103117301,0.05128328533715041,0.06065788407805105,0.24944097521128478,0.1663222899512639,0.5977686719288902,0.0,0.007138130779836386,0.005482689529243443,0.004356752354257479,0.21187958452128003,0.8576979238781146,0.030686674036561366,0.04196694998291706,0.02693485228821489,1.0
25,joint,0.25,1.7810846295794167,0.13162022615579355,0.07613013848021104,0.2802536043244607,0.09373925558775495,0.3917033817631742,0.15200889032937392,0.1452535132741469,0.05225874502992306,0.06239662593650386,0.25182673861594324,0.11235082480267518,0.14991818768386797,0.0,0.004536918372639359,0.006655066615310187,0.0053448107922586825,0.0,0.0,0.0,0.44988373499089435,2.7095288177308787,0.8951630310186038,0.039106363029823565,19.86862967157418,2.8523170632660073,0.39299836612883066,0.45902038030523473,0.4548383331488049,0.642257967638591,0.6378076511716085,0.03366056474901381,0.4852410567500604,2.549817626438444,0.17733760840362972,0.16019544612478326,0.06462955409808764,3.068136876222318,0.0521857979357558,0.26568699868583173,0.9058286900873538,0.037916582141800846,0.159339581453611,0.16028359185450922,0.05135559937152913,0.06088573540802355,0.2497322449766139,0.16589026949393054,0.5998736489071417,0.0,0.007045636879940512,0.005910633259980136,0.004481543609428974,0.21004394161975565,0.8503410773901158,0.030722403037297043,0.04207903128722126,0.026960829615439396,1.0
26,joint,0.19999999999999996,1.819227122369466,0.14141777428637003,0.09168036224685466,0.28187432523188205,0.11485501432776586,0.3940146754950386,0.15199883076302192,0.14531533513745526,0.05219754900272813,0.06231781592252975,0.2520129523184129,0.1172076552718169,0.17029017949158312,0.0,0.0045547518343374655,0.007040188509110247,0.005483208041709858,0.0,0.0,0.0,0.4526353174333259,2.66365536125978,0.8974155900432461,0.039119705103236514,19.970554926387315,2.8529890971209007,0.390458890843013,0.4554097437984729,0.4553834619345488,0.6365400073389528,0.6382956993642939,0.03367319649883679,0.4851847149076916,2.600632174305184,0.17295480279064684,0.1836277400217359,0.03879039549815749,3.054673025847743,0.047419849526945244,0.2788342230376743,0.9019431093382457,0.037916582141800846,0.15829566073796106,0.15877070557818843,0.05177594695693601,0.06204644034779261,0.25008864472152065,0.16454049700467044,0.5949102088257119,0.0,0.0070631686923286275,0.006316796955332239,0.00452295512394615,0.20960141934905616,0.8473822378736953,0.030805575427624445,0.04236031571527779,0.027014279959345282,1.0
27,joint,0.15000000000000002,1.8713031873562598,0.15551220413850092,0.114021607376171,0.2801235092810164,0.14605757022025495,0.39130603133079556,0.15166927955091203,0.14470806528865818,0.05212594718922305,0.06225868291300663,0.2521291062792727,0.12352329303562169,0.19902411656768515,0.0,0.004643279569179225,0.00764519435069856,0.005788711302556173,0.0,0.0,0.0,0.45527302388561675,2.654829135162509,0.8977975132511264,0.03911398703048885,19.92978482446206,2.8258792218707858,0.3893629869140645,0.45313103063396676,0.4518339693861664,0.6331853100231716,0.6333476216704758,0.033457820830994814,0.48016447838021337,2.430222258365974,0.16157400947083872,0.1752579946208883,0.04649671768799188,3.0846356740073553,0.0430515721913368,0.2465366095935226,0.9041600728791858,0.037916582141800846,0.15858386638303282,0.1591288445014802,0.05137887204844485,0.06126464243051867,0.2502118708595397,0.16393586843417435,0.5910730238944765,0.0,0.007327049522212258,0.006814807402117858,0.0049904754000996785,0.20862232850701815,0.8419992200354568,0.030775651545920595,0.0422344349805607,0.027015219193790522,1.0
28,joint,0.09999999999999998,1.9514573474972596,0.17717826612808427,0.14792344668544702,0.2793246743903155,0.19434518102948825,0.3902200453346205,0.15134902425017524,0.14438933688442676,0.05204074129479118,0.062069751174607876,0.25222660707455397,0.13134424141181014,0.24222751861250413,0.0,0.004646527431145867,0.008297304044839412,0.006080750999856204,0.0,0.0,0.0,0.45871570517360694,2.650925184835259,0.8996075696880388,0.03912161113979086,19.969422423556058,2.810110735514807,0.38792878957021804,0.4516757261500787,0.4477887891587757,0.630955334378298,0.6273625496203307,0.0332966777520678,0.4690513982974663,2.4542041569159774,0.1574500613900089,0.16856571125290382,0.051471170264655954,3.072927989656963,0.03851250517699453,0.25399454103575814,0.8953249810864685,0.037916582141800846,0.15735522795606544,0.15745552577985028,0.05156770115964627,0.06167138882336162,0.25023810510282163,0.16272577067846974,0.5888436004598304,0.0,0.007641587071317844,0.007229681237645093,0.005318771202669099,0.20710752126942394,0.8359481199145641,0.030841102384487385,0.042430142703156,0.027051124998960258,1.0
29,joint,0.050000000000000044,2.0699808345105613,0.21040446342455302,0.19869953058955353,0.27720334748753334,0.26813188775749464,0.3870812701071915,0.1511786415632962,0.1439387774177208,0.052036678517661306,0.062006539136745115,0.2523317205068884,0.14161661053804148,0.3060343642365757,0.0,0.004718164741172374,0.00941809017310343,0.00658662294460585,0.0,0.0,0.0,0.4624277720837469,2.634028731224086,0.8999414840884009,0.039096197582747565,19.89580973952435,2.800531884349843,0.38840623791255646,0.4516809346183898,0.4546695223876408,0.6302880162284488,0.6370693943487904,0.03325333065851025,0.4581969620058776,2.3726257874221397,0.15643701942824811,0.17210808940350064,0.04098837891662562,3.0176842073914867,0.03463321213644964,0.24280760859055495,0.8959703253059791,0.037916582141800846,0.15678240871303295,0.15661752318579053,0.05141272632375596,0.06143440134705059,0.250492182910127,0.16243096839183221,0.5876720885120371,0.0,0.007940052468920983,0.008944456534529174,0.00573929978002395,0.2088219070645244,0.8396983455821142,0.030854065924990223,0.042459024705381605,0.027074568795181324,1.0
30,joint,0.0,2.2354746824752705,0.2595429645760548,0.27265106295135255,0.27061780348909537,0.3772407621820273,0.3776462418306724,0.15069896448509068,0.14308415559180596,0.05189495336682043,0.061720551684549416,0.2524743305428517,0.154370138946908,0.3979266791151982,0.0,0.0048005527917966495,0.01134804589726613,0.0072506393853359824,0.0,0.0,0.0,0.466495773462855,2.594340651653631,0.9009804811375057,0.039143847982955005,19.749716874292186,2.771289930141792,0.3822654247599304,0.44264202915802203,0.44202568496345845,0.6175809584597431,0.6186227625009244,0.03305981085492821,0.45974163703186804,2.3868723628382202,0.15056583498205459,0.16686651930607185,0.04484103664401032,3.1154084760675986,0.030194141887246617,0.2431105413922557,0.8985011325311408,0.037916582141800846,0.15613886099013072,0.15574204606353922,0.05152100925801923,0.06186908440142082,0.25042299405922963,0.16134222837352247,0.5763600003467035,0.0,0.008398876069655652,0.010533896654292389,0.006369444379021251,0.2050516827518443,0.8241839929988591,0.030921558125506263,0.042665810106743085,0.02712035846401832,1.0
