epoch,rollout_seconds,selection_metric,stage,stage_epoch,train_action,train_behavior_kl,train_behavior_reconstruction,train_diversity_floor,train_initial_plan_position,train_interaction,train_loss,train_overlap,train_physical,train_plan_action,train_plan_position,train_position,train_refinable_fraction,train_roll_loss,train_start_fraction,train_start_loss,train_start_summary,train_velocity,val_action,val_behavior_kl,val_behavior_reconstruction,val_diversity_floor,val_initial_plan_position,val_interaction,val_loss,val_overlap,val_physical,val_plan_action,val_plan_position,val_position,val_refinable_fraction,val_roll_action,val_roll_behavior_kl,val_roll_behavior_reconstruction,val_roll_diversity_floor,val_roll_initial_plan_position,val_roll_interaction,val_roll_loss,val_roll_overlap,val_roll_physical,val_roll_plan_action,val_roll_plan_position,val_roll_position,val_roll_refinable_fraction,val_roll_start_summary,val_roll_velocity,val_start_action,val_start_behavior_kl,val_start_behavior_reconstruction,val_start_diversity_floor,val_start_initial_plan_position,val_start_interaction,val_start_loss,val_start_overlap,val_start_physical,val_start_plan_action,val_start_plan_position,val_start_position,val_start_refinable_fraction,val_start_start_summary,val_start_summary,val_start_velocity,val_velocity
1,1.0,0.05336268436145544,buffer_warmup,1,0.04375176381449529,0.1596541746377869,0.8279097521251911,0.0,0.058947150841570546,0.03962031693633775,0.1384448063074783,0.0095827152533971,9.307224517324944e-06,0.04792066148546356,0.046019302894730836,0.023587153246507567,0.5253068747009983,0.13509615211919293,0.5000090384847954,0.1417934603533354,0.04068042713588542,0.03833166389435707,0.015735606282269433,0.0,0.0,0.0,0.05204191962109199,0.03131796976196624,0.04323087888400233,0.0012734672609007074,6.7480340666251655e-06,0.020541865349052443,0.03134757610008357,0.019865737717953465,0.52489456546212,0.015883493739815933,0.0,0.0,0.0,0.05231743399053812,0.031378879744027345,0.04166649046930529,0.0012966535393229967,6.746606245885218e-06,0.020737210525170205,0.031480567832846966,0.019885458296076172,0.52489456546212,0.0,0.019060547914474257,0.015587718780374243,0.0,0.0,0.0,0.051766405177731366,0.031257059646859056,0.04479526725435068,0.0012502809824784184,6.74946193180223e-06,0.020346520180326132,0.031214584108619464,0.019846017272876843,0.52489456546212,0.03472541042027019,0.017362705210135096,0.01857915786760194,0.018819852924299618
2,1.0,0.04594119168368435,buffer_warmup,2,0.019230060653639174,0.06304325265279744,0.05987835566915996,0.0,0.04738134455597289,0.032338192091404934,0.05037072521516501,0.0034433606188718985,9.184451292711868e-06,0.02341496329137402,0.03059525883257288,0.01972508231714406,0.5253163663228892,0.04889318204548973,0.5000090384847954,0.05184826835635464,0.018524327749796305,0.018524098727526105,0.01406211568604386,0.0,0.0,0.0,0.04227076150063011,0.0309886760595772,0.03794496552279544,0.0010242105689406069,6.729435718113117e-06,0.018869464603504017,0.026074233058366984,0.01859233227543651,0.52489456546212,0.014067736491265278,0.0,0.0,0.0,0.0422386195776718,0.030990749826684358,0.03671038544012441,0.001045713264916447,6.727324457669749e-06,0.018891648319180287,0.02615384655516772,0.018626823570461026,0.52489456546212,0.0,0.012074900122122869,0.014056494854952372,0.0,0.0,0.0,0.04230290346793712,0.03098660240334178,0.0391795454132888,0.001002707872964767,6.731546969082581e-06,0.0188472809100021,0.025994619546783348,0.018557841039543586,0.52489456546212,0.026414336555356546,0.013207168277678273,0.01186689719306453,0.011970898679768046
3,1.0,0.04613658557258487,buffer_warmup,3,0.0162107011472637,0.04880993585232819,0.044912475076588715,0.0,0.043163369685892544,0.03165310221987704,0.044320444469621044,0.0023989773085601974,9.141089897897265e-06,0.020582137429990197,0.02673075141776084,0.018854049274170916,0.5253020646770626,0.043017322195973956,0.5000090384847954,0.0456235668508806,0.014594491441420002,0.013624105616745649,0.014521247237950327,0.0,0.0,0.0,0.04480972798866412,0.031074633755322014,0.03836333374714568,0.0009320713514979514,6.726877279290766e-06,0.018955807061126782,0.025930184235293714,0.018631146163753574,0.52489456546212,0.01456053260092934,0.0,0.0,0.0,0.04501801367021269,0.031074352902434176,0.03703743183896655,0.000940156372500554,6.72633587324555e-06,0.019015825035730526,0.026052528164452977,0.018646493849773255,0.52489456546212,0.0,0.01296391019538518,0.014481961923015733,0.0,0.0,0.0,0.04460144214450367,0.03107491452690391,0.03968923544836423,0.0009239863339600907,6.7274186557864275e-06,0.018895788920215435,0.025807840505703575,0.018615798440776647,0.52489456546212,0.028318821696475857,0.014159410848237929,0.012728133822776495,0.012846022001689389
4,1.0,0.0445774520667417,buffer_warmup,4,0.01616428428018559,0.03960649559500618,0.04402492445725045,0.0,0.04198768101600944,0.03176167036011853,0.04331557489393521,0.001919856672028844,9.251403668007197e-06,0.020443287128131572,0.025852190791142624,0.018662069155854395,0.5253068747009983,0.04221046147211285,0.5000090384847954,0.044420688483506415,0.014055058605392908,0.012647794315096121,0.013969821581942222,0.0,0.0,0.0,0.043086973920701044,0.030968814075643582,0.03671667273969404,0.0008375552953645912,6.730303867348156e-06,0.018440322096770007,0.02439208986562869,0.01832367799111775,0.52489456546212,0.013952336248217357,0.0,0.0,0.0,0.04319744129916505,0.030967074224636668,0.035539428806967206,0.0008342356487114485,6.730278749775232e-06,0.01845831442846074,0.02445534102263905,0.018333487619187624,0.52489456546212,0.0,0.010624532288472568,0.013987306889797014,0.0,0.0,0.0,0.042976506527454134,0.03097055417795976,0.037893916628072184,0.0008408749385529922,6.73032902890706e-06,0.018422329842689492,0.024328838745575575,0.018313868363047877,0.52489456546212,0.024261492940168532,0.012130746470084266,0.010524956782954552,0.010574744526474248
5,1.0,0.04537859614926255,buffer_warmup,5,0.01540342112647064,0.03378880424970981,0.04794739884820497,0.0,0.04025722236492012,0.031576831252990684,0.04222732622211225,0.001671017562126236,9.187366703285073e-06,0.01974392976982166,0.024852034133386592,0.018337783031007346,0.5253163663228892,0.041068775631557,0.5000090384847954,0.04338587681266749,0.013012179160868859,0.011312912900345803,0.015055158663363684,0.0,0.0,0.0,0.041825897193380764,0.031308753985083766,0.0385593083051462,0.0009733498092308375,6.732725882416378e-06,0.019351862925326542,0.026324706758180307,0.018405829164539537,0.52489456546212,0.015159631454725825,0.0,0.0,0.0,0.041978764865133494,0.03129987294475237,0.037154361073459895,0.0010122159343039143,6.732407254075735e-06,0.019518895326034416,0.026484069872706656,0.01836596578655262,0.52489456546212,0.0,0.013304615533718514,0.014950685886784441,0.0,0.0,0.0,0.0416730297729373,0.03131763498106646,0.039964255714227286,0.0009344836830028466,6.733044518651941e-06,0.01918483048026997,0.02616534358452237,0.018445692498177763,0.52489456546212,0.0291474550400698,0.0145737275200349,0.013208381266200117,0.013256498398111454
6,1.0,0.04262330986846366,buffer_warmup,6,0.01494050196379094,0.022764682248329702,0.039843385271607766,0.0,0.03726486050814213,0.03151946044831633,0.04005565618369776,0.0014738657802759575,9.130000174579576e-06,0.01929156161123094,0.023674562293324007,0.01798596018379334,0.5253020646770626,0.038825416024347026,0.5000090384847954,0.04128589638419443,0.011924832763376638,0.009853781416565939,0.013957522022316144,0.0,0.0,0.0,0.036746624975450455,0.03103825295462258,0.03519038771027847,0.0009533460418294583,6.724575577829946e-06,0.018443730948049398,0.022817093198971142,0.017782162353839902,0.52489456546212,0.014024426791048239,0.0,0.0,0.0,0.036771237510182554,0.031034486641782145,0.03409343987466797,0.0009820311092808547,6.723508178426513e-06,0.018558697398042397,0.022785843911743354,0.017759080218624265,0.52489456546212,0.0,0.008618402076766842,0.013890617286845569,0.0,0.0,0.0,0.036722012396369665,0.031042019223114326,0.03628733550154027,0.0009246609746090447,6.7256429262547575e-06,0.01832876447218633,0.0228483423605443,0.017805244614710173,0.52489456546212,0.021786498489774882,0.010893249244887441,0.008650582374280525,0.008634492231991201
7,1.0,0.04304011205625829,buffer_warmup,7,0.014288437159489856,0.01956012458188385,0.0352318992706913,0.0,0.03716649569590009,0.03147895689246608,0.03912774267699016,0.0013716405177664585,9.203703854517023e-06,0.0189140061353323,0.02350484492129052,0.01795843389034018,0.5253290633782555,0.03823211230970634,0.5000090384847954,0.04002337313447853,0.010978503101295653,0.009282380855620895,0.01260819999382846,0.0,0.0,0.0,0.036071997076746014,0.031045996968353553,0.03478804476825254,0.0009968099669398118,6.717879403463629e-06,0.017927187421019116,0.02320814791268536,0.017849596398365166,0.52489456546212,0.01270291360006446,0.0,0.0,0.0,0.03605578298724833,0.031016617244671262,0.03384032691015847,0.0010133871717640894,6.717577427763452e-06,0.017978068197234756,0.023100364236308943,0.017785125400959736,0.52489456546212,0.0,0.008472746480182404,0.012513486402375358,0.0,0.0,0.0,0.03608821107754632,0.03107537648507527,0.035735762471126184,0.00098023275841981,6.7181813446517304e-06,0.01787630653393174,0.02331593150775584,0.01791406751403378,0.52489456546212,0.018412231659841915,0.009206115829920957,0.008135564536565826,0.008304155474188663
8,1.0,0.04338517747540284,buffer_warmup,8,0.011927041358859638,0.018785591906659817,0.028033102872823394,0.0,0.037341789857578564,0.03154432526397928,0.037753633740172106,0.0017070400368575775,9.150497132806001e-06,0.018411784984342306,0.0233544062509715,0.01801263208096703,0.525321815767426,0.03684729887781856,0.5000090384847954,0.03865996877976971,0.009298051086301103,0.008682643649300454,0.010280562797561288,0.0,0.0,0.0,0.038070880793153294,0.03168266973946066,0.034355756205817066,0.0017511052881470984,6.723533059377428e-06,0.01800365563082908,0.022904673812999612,0.017976904517069223,0.52489456546212,0.010400358310324095,0.0,0.0,0.0,0.03799040380510546,0.031609118679567935,0.033458453240907855,0.001741167235498627,6.722421100598406e-06,0.018018136791411846,0.02274066304403638,0.017882227535463043,0.52489456546212,0.0,0.00816704852632173,0.010160767270015582,0.0,0.0,0.0,0.03815135773685244,0.03175622061456716,0.035253059059854534,0.0017610433403336043,6.72464495409482e-06,0.017989174433289064,0.0230686845154398,0.01807158135454215,0.52489456546212,0.01658346210532482,0.00829173105266241,0.007751348504190525,0.00795919850971254
9,3.0,0.15878672250707962,closed_loop,1,0.036250549427905426,0.025713195118296672,0.01959813930910831,0.0,0.07038141830730155,0.06328779960347113,0.08354839316063649,0.002036228401015909,1.1600977828526568e-05,0.04674839479698401,0.05486518736476096,0.03620670467596137,0.5253202815934978,0.08355679492147271,0.5000090384847954,0.0835399915453936,0.007157032311155747,0.04431780737871423,0.03404757883843212,0.0,0.0,0.0,0.06697944006217378,0.05913517837013517,0.07508116948699194,0.0017502301244161254,8.354372442548243e-06,0.0438009099887004,0.05015411703950829,0.033618490610803874,0.5248945698378578,0.034242538757444846,0.0,0.0,0.0,0.0672358844931873,0.05968181989968769,0.0749219214277608,0.0017845404818506232,8.378117539696033e-06,0.04384698324082863,0.050520635579550076,0.03368372805712242,0.5248945698378578,0.0,0.04013721896187654,0.03385261878637331,0.0,0.0,0.0,0.06672299583812082,0.05858853704754322,0.07524041763492047,0.0017159197748350423,8.330627537134205e-06,0.04375483663309188,0.0497875985290323,0.03355325280969578,0.5248945698378578,0.011005398994755177,0.0055026994973775886,0.03916500737920167,0.03965111316314766
10,3.0,0.13996119441606647,closed_loop,2,0.029978486763894203,0.039763697107324886,0.018021813902399403,0.0,0.0657765071747307,0.05652813176318256,0.07523934952693159,0.0030277003480727606,1.1049126643911416e-05,0.03941650626296296,0.048823343138879094,0.03384254375091274,0.5252995015254138,0.07434424619960299,0.5000090384847954,0.07613445265169556,0.006280601399688774,0.03717847577531204,0.02815492126706337,0.0,0.0,0.0,0.0602321196495304,0.05395333789702919,0.06950636262754126,0.0012181087910744643,8.18153816791011e-06,0.037411108450402346,0.04675291624984571,0.032353457809972855,0.5248945698378578,0.02825035952356836,0.0,0.0,0.0,0.060189861656417924,0.05416487036125055,0.06956688891209308,0.001245050688296379,8.201473462580878e-06,0.03741285028970904,0.04729498300464854,0.03262729554747542,0.5248945698378578,0.0,0.03639982345085296,0.028059482995775483,0.0,0.0,0.0,0.060274378012215336,0.05374180550672232,0.06944583643168684,0.0011911668920046871,8.161602828576655e-06,0.03740936690675361,0.04621084945069419,0.03207961996899001,0.5248945698378578,0.011090178109173263,0.005545089054586632,0.035133100417812195,0.03576646184933091
11,3.0,0.12388456355528829,closed_loop,3,0.02863777996679434,0.03655433323876829,0.018254096402977368,0.0,0.06489724302213376,0.05618761920749179,0.07359652089535836,0.0028649549791826758,1.186603654694837e-05,0.037682966929729854,0.04769231586977396,0.033405654383989444,0.5253054031955051,0.07355436326630457,0.5000090384847954,0.0736386781604288,0.006265866650884042,0.035681311107583234,0.02479493638707532,0.0,0.0,0.0,0.06601110300315279,0.04891135935331621,0.06474976142543176,0.001309360981279511,8.217558138041914e-06,0.03393198247437203,0.04380335700180796,0.03089493280276656,0.5248945698378578,0.024891090268890064,0.0,0.0,0.0,0.06599715773371004,0.04901074306181972,0.06441192283102917,0.0013252210868929055,8.231744926336302e-06,0.03393092708632586,0.043900239103961555,0.03081502475672298,0.5248945698378578,0.0,0.03294587758414093,0.024698782616132307,0.0,0.0,0.0,0.06602504828737842,0.0488119756152469,0.06508760044853838,0.001293500875204151,8.203371362830535e-06,0.033933037810678045,0.043706474855305655,0.030974840900550287,0.5248945698378578,0.00886089701782025,0.004430448508910125,0.031919830863083164,0.03243285416817618
12,3.0,0.13341761462305177,closed_loop,4,0.027883967498638616,0.03267541631087724,0.017508293355648154,0.0,0.06514194477017188,0.05548685901151842,0.07263549593235338,0.0026891446228676373,1.1608100419216004e-05,0.03680580026591189,0.0472004907672549,0.03323167330643183,0.5253114292909254,0.07255465104960747,0.5000090384847954,0.07271634077711843,0.006148809165920913,0.03497239841289103,0.027825589446971815,0.0,0.0,0.0,0.06130165229773238,0.052448329974025015,0.06653752288825455,0.0010643181153610053,8.322870691414671e-06,0.03744651573813624,0.04456809764757516,0.030591485733609824,0.5248945698378578,0.027893077079502362,0.0,0.0,0.0,0.06134944169649056,0.05259867838864762,0.06655377412717493,0.0010704872087993111,8.342933009471957e-06,0.03747945542018565,0.045024273310980155,0.030801612565973923,0.5248945698378578,0.0,0.03500156838535553,0.027758101910530103,0.0,0.0,0.0,0.06125386309115186,0.05229798207680384,0.06652127125019593,0.0010581490198438544,8.302808549752438e-06,0.03741357598217234,0.044111922043301756,0.030381358893854276,0.5248945698378578,0.009778156935695618,0.004889078467847809,0.03383726635504337,0.03441941732954648
13,3.0,0.12802984797802955,closed_loop,5,0.027262620578821475,0.02936295453560307,0.017272244982212505,0.0,0.06439447317180638,0.0548134530999697,0.07150669388960455,0.002611486609952371,1.1332399320984168e-05,0.03609610297665722,0.04649072148684434,0.032860832695573085,0.5253054038538402,0.07089472950745561,0.5000090384847954,0.0721186581673061,0.005987821447527702,0.03420854624465247,0.025420702328639373,0.0,0.0,0.0,0.061206301999470546,0.05336377743099417,0.06613086709486586,0.001271132314171169,8.223416992833003e-06,0.03449196943510619,0.04444093940158685,0.031277694547223664,0.5248945698378578,0.025656640913987918,0.0,0.0,0.0,0.06113595521402738,0.05311623493593837,0.0656870836835532,0.001273499828548954,8.247616792668995e-06,0.034695116049122246,0.044520531721886185,0.031167520350584434,0.5248945698378578,0.0,0.03314818044207872,0.025184763750682276,0.0,0.0,0.0,0.06127664853360445,0.0536113197486552,0.06657465066879041,0.0012687647970215906,8.19921730397702e-06,0.034288823035442166,0.044361347081287514,0.03138786887690898,0.5248945698378578,0.010565241806149955,0.005282620903074978,0.03205442189845064,0.03260130104091433
14,3.0,0.12576101443798945,closed_loop,6,0.02674843590412235,0.025854555856730844,0.018327746368602817,0.0,0.0644242908163099,0.05415583654807702,0.0706460511781902,0.0025500091312638308,1.2158268031581926e-05,0.03550720786297585,0.045878453406496586,0.03256370900744792,0.5253339393623015,0.07031382735543264,0.5000090384847954,0.07097827507374442,0.00577828504846209,0.0335599604880116,0.025917488150298595,0.0,0.0,0.0,0.06330580942864929,0.053066135546754274,0.06572985453974634,0.0012413158708821153,8.334331090238612e-06,0.0335683476933766,0.043767426340352925,0.030838219737190576,0.5248945698378578,0.02595614126720835,0.0,0.0,0.0,0.06347660770610211,0.05316699572676231,0.06553069751946226,0.0012542885194148218,8.349507999308491e-06,0.033530230611740125,0.04406731306678719,0.030992408061311358,0.5248945698378578,0.0,0.03388596581117738,0.025878834966865796,0.0,0.0,0.0,0.06313501103293329,0.0529652756476213,0.0659290108948,0.001228343222349409,8.319154155453852e-06,0.03360646470849003,0.043467539820879225,0.030684031331763853,0.5248945698378578,0.01127899597798075,0.005639497988990375,0.03293945805894004,0.033412711923971536
15,3.0,0.11369931009529871,closed_loop,7,0.026459611877925636,0.027686452139374707,0.01639353043020734,0.0,0.063931346541,0.05418501819658806,0.07015907976811177,0.002476764636841415,1.1888155056183054e-05,0.03512841417670199,0.04561987621496062,0.03244545597333015,0.5253071974371081,0.06962518367723276,0.5000090384847954,0.07069297556147397,0.005769712769544305,0.03324087619775164,0.023151467665142957,0.0,0.0,0.0,0.05651906444617207,0.0481215582953559,0.06297523689471067,0.0012449510589552422,8.274440566826762e-06,0.03185555501471436,0.042409764809740916,0.03076732173443787,0.5248945698378578,0.023187394549567548,0.0,0.0,0.0,0.056165697319167,0.04773304726751078,0.0627120320226938,0.0012562728000967394,8.294525062840168e-06,0.03182469197504577,0.04254565246048428,0.03077651649743082,0.5248945698378578,0.0,0.030501251722434685,0.023115540714195325,0.0,0.0,0.0,0.056872431913183794,0.04851006936754972,0.06323844158933276,0.0012336293219714352,8.25435591742635e-06,0.03188641808394875,0.042273877114648854,0.03075812700101071,0.5248945698378578,0.007689690659014833,0.0038448453295074165,0.029545229260942767,0.030023240491688724
16,3.0,0.1366656145332384,closed_loop,8,0.025905461894853092,0.023968476963529366,0.01633798056768733,0.0,0.06326530942774063,0.05334979905323549,0.06893806572538265,0.002398134169751144,1.1605936559293079e-05,0.03452546488946286,0.04484226528678593,0.03198490571626284,0.525323999059737,0.06870970658533838,0.5000090384847954,0.06916642500785518,0.0055021392015349386,0.03250954646424105,0.02717949546104859,0.0,0.0,0.0,0.06576226888194917,0.05787456751106277,0.06959837237520823,0.0012484751346092376,8.253740092518529e-06,0.03645801328359142,0.04684186754896054,0.03265149883985046,0.5248945698378578,0.027278100983017965,0.0,0.0,0.0,0.06517545719231878,0.05722474960225915,0.06851914288505676,0.0012449075413372603,8.270229942906684e-06,0.03652253698941971,0.04647930417328127,0.03226716201456766,0.5248945698378578,0.0,0.03413028872409274,0.027080889820816027,0.0,0.0,0.0,0.06634908042375058,0.05852438555291248,0.07067760177666232,0.001252042738044457,8.23725021461094e-06,0.036393489400368365,0.047204431042903,0.03303583547295559,0.5248945698378578,0.011711759023397925,0.005855879511698962,0.03386231307827291,0.03399630081618116
17,3.0,0.10964844387819045,closed_loop,9,0.025715727215045676,0.024985543301071063,0.015950608401129635,0.0,0.06303116195885022,0.053218066581574755,0.0686561484760213,0.0023158896175793156,1.1745458530268783e-05,0.034264131429381256,0.044644953231995854,0.031908944045005966,0.5253098276882934,0.06807149398815561,0.5000090384847954,0.06924080296072194,0.005505923693524887,0.03225694225820932,0.023045952143591075,0.0,0.0,0.0,0.059409713106495995,0.047803208010182494,0.06040279701766041,0.0013138754755288127,8.19829159175762e-06,0.03172952097116245,0.040343070210563756,0.029018364669311614,0.5248945698378578,0.02314678517480691,0.0,0.0,0.0,0.058946010834049614,0.04741169156004039,0.05978979817813351,0.0013108679184889688,8.214768582450103e-06,0.031762042445027165,0.0401758827889959,0.02878962347786578,0.5248945698378578,0.0,0.02931962628656673,0.022945119038460745,0.0,0.0,0.0,0.05987341571894903,0.04819472457858778,0.061015795546746444,0.001316883032106691,8.181814569936596e-06,0.03169699946034049,0.040510257750394796,0.029247105690754123,0.5248945698378578,0.008082976112038724,0.004041488056019362,0.028635213838978893,0.028977420025815565
18,3.0,0.10572873339716571,closed_loop,10,0.02560321464280051,0.024062159265484107,0.01592187811885608,0.0,0.06323132913056428,0.053419941439654936,0.06823275255366919,0.002268591489877865,1.1330343342336194e-05,0.03406494454549548,0.04430643780221854,0.03167732553865156,0.525298604695799,0.06764218998960549,0.5000090384847954,0.06882331503544101,0.005523542040553871,0.03202639029582072,0.0228735758509073,0.0,0.0,0.0,0.057645791890247475,0.046644321657598964,0.05858953839670571,0.0012086710309617162,8.27940367580523e-06,0.031110043356579447,0.03902741526031778,0.02794863231154898,0.5248945698378578,0.022966382492865835,0.0,0.0,0.0,0.05727540376403975,0.04639269114427623,0.05813320250146919,0.0011959104024479904,8.296301641188447e-06,0.031122704487412223,0.03892917928123285,0.027756261299290354,0.5248945698378578,0.0,0.029008545624535708,0.022780769364169194,0.0,0.0,0.0,0.05801617955818536,0.04689595206744141,0.05904587435107383,0.0012214316640950975,8.26250571357998e-06,0.03109738217400653,0.03912565119505402,0.02814100347163658,0.5248945698378578,0.006803242423172508,0.003401621211586254,0.02810934805385177,0.028558946835498016
19,3.0,0.11345264369268433,closed_loop,11,0.02501933203381862,0.02125843233660737,0.015177771233864122,0.0,0.06350834613243402,0.05221093481781631,0.06724570716906121,0.002208987440927367,1.1251856722392265e-05,0.03346876142832974,0.0437915609831413,0.031433115704594373,0.5253086740067173,0.0667683306255377,0.5000090384847954,0.06772308393730485,0.005223886973557705,0.03141415869768079,0.02378440538184747,0.0,0.0,0.0,0.061636120036599185,0.050392139023022045,0.06176724941247985,0.0011765094354308934,8.253094557450447e-06,0.03210099606907794,0.04118037177988934,0.029378690365110597,0.5248945698378578,0.023892272093762008,0.0,0.0,0.0,0.061302448711579756,0.04997548675312409,0.06096080535401901,0.0011731979979058018,8.264929228682867e-06,0.03213576671652614,0.04090794696221276,0.029069722423122987,0.5248945698378578,0.0,0.03022975635729612,0.02367653858862699,0.0,0.0,0.0,0.06196979180510555,0.05080879121900551,0.06257369353007229,0.0011798208692602606,8.241259838397373e-06,0.032066225658156096,0.04145279655321723,0.029687658381012696,0.5248945698378578,0.009328430296764487,0.004664215148382243,0.02973111355972905,0.029980434925251064
20,3.0,0.11010742326905688,closed_loop,12,0.024598713785397266,0.020427947726255773,0.016307957486242385,0.0,0.06291930471802527,0.051592980475879464,0.06619928375886676,0.002146517758407237,1.1363532202535513e-05,0.03302591584762123,0.04298959006836279,0.030942920706185022,0.5253094413975283,0.0654776895651396,0.5000090384847954,0.06692087818047913,0.004969619403252206,0.03068063530782926,0.023502497911630643,0.0,0.0,0.0,0.06016602436642325,0.05002266082853552,0.061032920617551084,0.001204875401324696,8.243603766397918e-06,0.03192704101462686,0.040670152088361125,0.02917292088802372,0.5248945698378578,0.023663461747919282,0.0,0.0,0.0,0.059917202736768455,0.049415425663547854,0.06013782675718031,0.0012017668253513024,8.25676147677595e-06,0.03203300847154525,0.04029782370678962,0.02877636728364797,0.5248945698378578,0.0,0.029202940681624035,0.023341534252736777,0.0,0.0,0.0,0.06041484595172935,0.050629895801345505,0.06192801459618504,0.001207983968520744,8.230445889549874e-06,0.031821073528142674,0.04104248057341292,0.029569474640228445,0.5248945698378578,0.008815845635364809,0.004407922817682404,0.028677153038895793,0.02894004684178129
21,5.0,0.6310943298507266,full_refinement,1,0.04726904474262138,0.012139983750647593,0.012144161039493746,0.0,0.14182663346738383,0.16696121544912246,0.1893323896542487,0.002978545894962406,3.882633379301685e-05,0.054101379378237065,0.12591761610241178,0.09967001728059212,0.5253163388700728,0.18845504460692744,0.5000060273635151,0.19020973508148625,0.004143946397674954,0.08538813551323272,0.04518742410948983,0.0,0.0,0.0,0.13614500260778836,0.15821416758828694,0.17880226206527186,0.00147570648462211,5.1077238773749354e-05,0.05184066062053991,0.11992140973686541,0.09469711861361271,0.5248457459072587,0.04526747951392459,0.0,0.0,0.0,0.13601532984505255,0.15812466193049673,0.17851277322523176,0.0014771008014028508,5.1610951252903896e-05,0.05186995543618366,0.11986631417164097,0.0946251801042645,0.5248457459072587,0.0,0.08222521971615535,0.04510736866563401,0.0,0.0,0.0,0.1362746759027085,0.15830367281244545,0.17909175074762768,0.001474312162913737,5.054352355257656e-05,0.051811365716198765,0.1199765055189057,0.0947690571032504,0.5248457459072587,0.005644509265761054,0.002822254632880527,0.08166447417840125,0.08194484695713355
22,5.0,0.6293598726628864,full_refinement,2,0.04647130873318097,0.012072984487208784,0.011499834514457848,0.0,0.14126909432600307,0.16554890525746277,0.18750495374540432,0.0030668642722787836,3.612803011801537e-05,0.0532354544499947,0.12480391900954774,0.09880903725414708,0.5253194598908465,0.18644104561116812,0.5000060273635151,0.18856886212447546,0.004128172934298052,0.08451025020383911,0.04478698636764887,0.0,0.0,0.0,0.13529447556803467,0.15750392262267057,0.17822727521575948,0.0014466316489719602,5.235510717084638e-05,0.05138614116404107,0.11957690701204002,0.0944577409397988,0.5248457459072587,0.044900221700863864,0.0,0.0,0.0,0.1350390036151838,0.15748227023021885,0.1780697520053576,0.0014502373714955948,5.3157128849470515e-05,0.05142568103062413,0.11964026962717374,0.09447556152624428,0.5248457459072587,0.0,0.08206808222112832,0.04467375103443388,0.0,0.0,0.0,0.13554994756030658,0.15752557517280655,0.1783847985050035,0.0014430259215206932,5.155308520559908e-05,0.05134660156355018,0.11951354457430108,0.09443992053074811,0.5248457459072587,0.00605843089417451,0.003029215447087255,0.08136927774028173,0.08171868016795507
23,5.0,0.6296886175304521,full_refinement,3,0.0460775807520992,0.011848283867502094,0.010855262100738776,0.0,0.14084615812507634,0.16435822010377987,0.1861854910766099,0.003099883526758879,3.347594396706312e-05,0.05279249208464839,0.12397046281241154,0.09816052969808957,0.525314605894575,0.18607137882000327,0.5000060273635151,0.18629960342608498,0.004073175923270899,0.08394839348688342,0.044704465629168286,0.0,0.0,0.0,0.13513051105475932,0.15834062497215295,0.17873311645927883,0.0014658374342298697,5.213380179774114e-05,0.05144215558492948,0.11993968902678086,0.09482857159205846,0.5248457459072587,0.04482016475900771,0.0,0.0,0.0,0.13462755683237915,0.15801283961566037,0.178393145047483,0.0014686931094657334,5.278535918815005e-05,0.051516040183958556,0.11988537058864952,0.0947396105165204,0.5248457459072587,0.0,0.0818262493050603,0.0445887664599078,0.0,0.0,0.0,0.13563346537569212,0.15866840993443493,0.17907308830470636,0.001462981759917937,5.148224409334e-05,0.05136827097604514,0.11999400754375432,0.09491753270701757,0.5248457459072587,0.006193547459102418,0.003096773729551209,0.08118026547882923,0.08150325752991848
24,5.0,0.6228015055411806,full_refinement,4,0.04582194431603124,0.012110073608280326,0.010366374645223867,0.0,0.14073176728007475,0.16376506667214819,0.1853333040438698,0.003125135222365473,3.288084761824736e-05,0.05250104405091437,0.12341626361645652,0.09772858345728083,0.5253228810286049,0.18512521452842962,0.5000060273635151,0.18554139370283393,0.004063993950028806,0.08356284218030341,0.04432852634243549,0.0,0.0,0.0,0.13772945967379702,0.1572104219209265,0.17739941948463048,0.0014774475949471471,4.618411061487701e-05,0.05081418970668757,0.11891191054588904,0.09404779507448434,0.5248457459072587,0.044403990582814294,0.0,0.0,0.0,0.13696522910207037,0.15713218520715755,0.17685558800659482,0.0014798135598924347,4.661513867116685e-05,0.05083859987832882,0.11867946153753019,0.09383546988721247,0.5248457459072587,0.0,0.08152141102722713,0.04425306203306983,0.0,0.0,0.0,0.1384936903440763,0.15728865812222162,0.17794325100208716,0.001475081625998158,4.57530845688592e-05,0.05078977967302004,0.11914435957395841,0.09426011988725612,0.5248457459072587,0.006672315968437091,0.0033361579842185454,0.08110680038887988,0.08131410563906664
25,5.0,0.6176012025742523,full_refinement,5,0.04554369934430879,0.011573001388829761,0.009902425777304274,0.0,0.1398870909433527,0.16278989668777238,0.18404896564085152,0.0031661131557752576,3.450079354174073e-05,0.05219353353419993,0.12254749561419906,0.09705602144637797,0.5253163388700728,0.18316855157063297,0.5000060273635151,0.1849293801247567,0.004025821873612132,0.08299312649806566,0.04410503735696828,0.0,0.0,0.0,0.13727173315627234,0.15502438039849045,0.17555541939363278,0.0014511499481236257,5.5629145138135795e-05,0.0505647199750735,0.11776872489739347,0.09308306924092076,0.5248457459072587,0.04419039194743154,0.0,0.0,0.0,0.13745281687646946,0.15488532449675615,0.17528166314439167,0.001452627609035483,5.5724570574004063e-05,0.05059585853346756,0.11773708188738773,0.09302847053875368,0.5248457459072587,0.0,0.08075233834682319,0.044019682855202406,0.0,0.0,0.0,0.13709065075668078,0.15516343608340888,0.175829175090979,0.001449672285363906,5.5533722888205816e-05,0.0505335814561005,0.11780036792710975,0.09313766796279836,0.5248457459072587,0.0058554710448281005,0.0029277355224140503,0.08012931113914838,0.08044082470356471
26,5.0,0.6161348039470144,full_refinement,6,0.04536367469696755,0.011801799261683952,0.009897823993475427,0.0,0.13915102601304608,0.16226088449401152,0.18329373342288452,0.0031923183596167955,3.300810417121858e-05,0.05199239245766283,0.12201031359920421,0.09663393754121602,0.5253194598908465,0.18222226867763583,0.5000060273635151,0.18436519794018344,0.0040308808227183125,0.08264613644597213,0.04393541003779444,0.0,0.0,0.0,0.1357283063981899,0.15503635474298366,0.17472987515585764,0.001478234759320027,4.196900452355116e-05,0.05048040996389414,0.11710461043806934,0.09253981778467144,0.5248457459072587,0.04403443802049551,0.0,0.0,0.0,0.13511812487843805,0.15474240351763982,0.17410212471371606,0.0014788651686142046,4.16946888198634e-05,0.05050661532139337,0.11680023078486403,0.09223679120026568,0.5248457459072587,0.0,0.08035800690767626,0.04383638193683019,0.0,0.0,0.0,0.13633848787852065,0.15533030624427493,0.17535762559799922,0.001477604354953482,4.22433194960942e-05,0.05045420454726333,0.11740899068259057,0.09284284411284027,0.5248457459072587,0.0058946868049956505,0.0029473434024978253,0.07988681744724985,0.08012241209862093
27,5.0,0.6178979845619424,full_refinement,7,0.045135502886586416,0.011629058762582774,0.009694212268531406,0.0,0.1387433249450608,0.16130182724920952,0.18215070212360143,0.003222498182265389,2.854417781099854e-05,0.05174075534762472,0.1212217260352613,0.09601450656611926,0.525314605894575,0.1819586177132285,0.5000060273635151,0.18234278644110596,0.003973965308953488,0.08216770423454874,0.043916027598753175,0.0,0.0,0.0,0.13330017166241767,0.1556070844332377,0.1756837209538808,0.0015108482604205766,3.4082388697182856e-05,0.050479429601519195,0.11784943786484224,0.09322393861003023,0.5248457459072587,0.044048976882424935,0.0,0.0,0.0,0.13292273806122246,0.15547432519850277,0.1755346645596166,0.0015143833662723265,3.3507824488419564e-05,0.050564370566496146,0.11792115453216764,0.09323759039952642,0.5248457459072587,0.0,0.08056476122882,0.043783078324936685,0.0,0.0,0.0,0.13367760550013927,0.15573984398334115,0.17583277648088164,0.0015073131505651252,3.46569521414172e-05,0.05039448870552911,0.11777772155230638,0.09321028630806025,0.5248457459072587,0.005954573629423976,0.002977286814711988,0.07978394408784216,0.08017435275688373
28,5.0,0.608303812144468,full_refinement,8,0.04498819522665175,0.012009205124090313,0.00937726918460205,0.0,0.13852663300614856,0.16095729619264604,0.18147246577584372,0.0032586163433569433,3.252930947800381e-05,0.051575239825856586,0.12074347978864108,0.09563830931784412,0.5253228810286049,0.18122717708602507,0.5000060273635151,0.18171775437279397,0.003966851430884417,0.08185441805519396,0.04350107007477649,0.0,0.0,0.0,0.13238707659815355,0.15446022401253381,0.1740855548195738,0.0015950677479080186,2.8570878903734872e-05,0.049855557768038974,0.1166140565835925,0.09240926985466291,0.5248457459072587,0.043571684943147435,0.0,0.0,0.0,0.13197622716269164,0.15405036944639747,0.17349288770288387,0.0015949375395263945,2.7963253295465186e-05,0.049874162892737085,0.11639779695758114,0.0921790585631416,0.5248457459072587,0.0,0.07946500036293867,0.043430455068431836,0.0,0.0,0.0,0.1327979258167996,0.15487007887432816,0.1746782221727901,0.0015951979492061707,2.9178504089137644e-05,0.04983695253493294,0.11683031618989334,0.09263948142213166,0.5248457459072587,0.006586869618062068,0.003293434809031034,0.07903153240365327,0.07924826652126968
29,5.0,0.6074730284005514,full_refinement,9,0.04482306280402894,0.012052876551347989,0.009222934218572067,0.0,0.13803159896780343,0.16036572911415153,0.18084674977378196,0.003301338336190404,3.1184527890048255e-05,0.05138399075009668,0.1203251451802659,0.09532219477145598,0.5253214487948431,0.17969069984918276,0.5000060273635151,0.18200279966461083,0.003988419625401581,0.08154445190942997,0.04351586890875032,0.0,0.0,0.0,0.13491747687969888,0.1538472121985501,0.17318241621451402,0.0015759968510508616,3.363871849100053e-05,0.04995120392629394,0.11604861755456243,0.09178274635363508,0.5248457459072587,0.04356395710437071,0.0,0.0,0.0,0.1344779940745818,0.15288723313382693,0.1721828026036737,0.0015756193675943429,3.30812911417125e-05,0.049968688053980706,0.11550366174843577,0.09127262922585326,0.5248457459072587,0.0,0.07927830552770979,0.043467780693419396,0.0,0.0,0.0,0.13535695913292112,0.15480719082964162,0.17418202954940695,0.0015763743341994034,3.419614615969444e-05,0.04993371977889664,0.11659357312416273,0.0922928633434432,0.5248457459072587,0.005601858369089545,0.0028009291845447724,0.07903253076174271,0.07915541819400257
30,5.0,0.6063906840218006,full_refinement,10,0.044670457145985394,0.012123158784905084,0.008946321365389203,0.0,0.13754434513809324,0.1598073176385323,0.17997397475641105,0.003327094330043445,3.004894801181817e-05,0.051215696184983,0.1197129849671642,0.09483575113856421,0.5253211065324778,0.17963554525679298,0.5000060273635151,0.18031240386767022,0.003929705599391511,0.0811664947411494,0.04330907843849331,0.0,0.0,0.0,0.13546901284938767,0.1538764657994742,0.17299063523452748,0.001757870972151597,2.9918858304489535e-05,0.04959967243608344,0.11587379746651523,0.09168887154135123,0.5248457459072587,0.04339677547769887,0.0,0.0,0.0,0.1355234637422852,0.1534811636561124,0.17241982875204592,0.0017571279495121744,2.9223439832823338e-05,0.04964157373264984,0.11566529432853694,0.09145595902015292,0.5248457459072587,0.0,0.07923882048596781,0.04322138138943248,0.0,0.0,0.0,0.135414562173306,0.15427176812023083,0.17356144159874587,0.0017586139920192263,3.061427618125476e-05,0.049557771090240704,0.11608230074246724,0.0919217839048653,0.5248457459072587,0.006468084674062473,0.0032340423370312366,0.07873131577221174,0.0789850681192345
31,5.0,0.6029410824062476,full_refinement,11,0.044493389650968246,0.012204094191026417,0.008750832105904986,0.0,0.13695685067781307,0.15913488595158115,0.17924272805536773,0.0033563265942364254,3.114511891509125e-05,0.051008857347641046,0.11922823466761592,0.09446349715122758,0.5253141357608287,0.1790970868159286,0.5000060273635151,0.17938836928636426,0.003899721592854677,0.08081830837064695,0.04337750283616876,0.0,0.0,0.0,0.13372483715493844,0.15250719115926475,0.1717129305951179,0.0019471209447599316,2.7834945032036704e-05,0.04945993557493523,0.11495475187188103,0.09087185362580592,0.5248457459072587,0.043484191139223714,0.0,0.0,0.0,0.13409021624891215,0.15245108318234246,0.1713912913960124,0.0019481600223419566,2.6766033801486533e-05,0.04950076584068556,0.11487161403610593,0.09076347789436422,0.5248457459072587,0.0,0.07909298767015417,0.04327081445427168,0.0,0.0,0.0,0.13335945839604374,0.15256329947126607,0.17203456955769705,0.001946081863790159,2.8903855790997025e-05,0.04941910555556653,0.11503788976678772,0.09098022931782657,0.5248457459072587,0.005776365955296175,0.0028881829776480875,0.0784723476836921,0.07878266783460738
32,5.0,0.5991359148810437,full_refinement,12,0.04432575134270252,0.012680516798819597,0.008730608768887796,0.0,0.13610274471321457,0.15846349045676483,0.17830238572767707,0.003345382004242823,2.994297892932566e-05,0.050823305543016103,0.1185432171686513,0.0939226984006825,0.5253159324947227,0.1780524022771684,0.5000060273635151,0.17855236900089144,0.003880387063404656,0.08041542836019068,0.04282346643783428,0.0,0.0,0.0,0.13211647466455817,0.15254580759734074,0.17129300775193662,0.0016457686082474768,2.6035161700294926e-05,0.04925289291829344,0.11482168298470911,0.09090283341587536,0.5248457459072587,0.04287619144709968,0.0,0.0,0.0,0.13191178105968646,0.1518006227398045,0.1704211043854239,0.0016456468067151647,2.522369307614277e-05,0.04927098163694301,0.1143835117577245,0.090468686724466,0.5248457459072587,0.0,0.07789122967650651,0.042770741192042515,0.0,0.0,0.0,0.13232116789492981,0.1532909923957454,0.17216491088192298,0.001645890409471812,2.684662954879006e-05,0.04923480420949913,0.11525985395545682,0.09133697996931102,0.5248457459072587,0.00555848885603525,0.002779244428017625,0.07767670548387937,0.07778396762946926
33,5.0,0.6011700365572845,full_refinement,13,0.04422045082022718,0.012895036771598012,0.008544576816556305,0.0,0.1358992167766979,0.15820769698862988,0.1778446804025018,0.0033421189710234026,2.947695392503844e-05,0.05069899595535173,0.11822494409830644,0.09367186447378596,0.5253184976219794,0.17725995313006826,0.5000060273635151,0.1784294076242798,0.003880457073798345,0.08020926400723606,0.04304257177171253,0.0,0.0,0.0,0.12929511229906762,0.1518853964313628,0.17224651969299115,0.0016588374045948503,2.4225024670040847e-05,0.04936235209818555,0.11550085979794698,0.09141775784353731,0.5248457459072587,0.04313294379602349,0.0,0.0,0.0,0.12906292207026607,0.15148366504797228,0.17171673520059183,0.0016588154744736298,2.3749998687827625e-05,0.04939737839121667,0.11531632911985513,0.09122112876287213,0.5248457459072587,0.0,0.0790222539275727,0.04295219983609896,0.0,0.0,0.0,0.12952730254757971,0.15228712832722716,0.17277630442191685,0.0016588593421075198,2.470005068112692e-05,0.04932732577558863,0.11568539004240717,0.09161438720014992,0.5248457459072587,0.006446849330569859,0.0032234246652849295,0.07852652292481806,0.07877438868243228
34,5.0,0.6112373251812284,full_refinement,14,0.04405481204095035,0.01310703606152163,0.008586815712978752,0.0,0.13518993554388836,0.15748253296269235,0.17700875903830648,0.0033441665251251235,2.6670476316382492e-05,0.05050155450154634,0.11763603420500715,0.09321126393741656,0.5253156742023003,0.176775086736544,0.5000060273635151,0.177242431238758,0.0038653524161155516,0.07983130468187521,0.04337701262541549,0.0,0.0,0.0,0.13179271193171935,0.15470573227241557,0.17354827543730458,0.001632946600679249,2.5763468230738355e-05,0.04972838159039538,0.11632098714825968,0.09189297260824965,0.5248457459072587,0.04353350099353563,0.0,0.0,0.0,0.13199331136371092,0.15508286641151817,0.17358518470689732,0.0016343208789337603,2.4872819582525014e-05,0.04982254281640053,0.11650306967988847,0.091999158282917,0.5248457459072587,0.0,0.07998873287486652,0.04322052420801902,0.0,0.0,0.0,0.13159211253914885,0.15432859838954985,0.1735113647879747,0.0016315723242726,2.6654116606764957e-05,0.049634220374245495,0.11613890453778877,0.09178678695329283,0.5248457459072587,0.006189503812935775,0.0030947519064678875,0.07911994331885898,0.07955433804758642
35,5.0,0.5959348391637389,full_refinement,15,0.04398566718310878,0.013857185749848908,0.00811958622831123,0.0,0.1350533513062061,0.15729381693236888,0.17656020011341267,0.003332573817462447,2.635338696048555e-05,0.05042364454429818,0.11732321709563306,0.09295953093439593,0.525325704161236,0.17680638943279092,0.5000060273635151,0.17631401056608464,0.0038401402761267956,0.07963211299592983,0.04280575542222886,0.0,0.0,0.0,0.1313661145706656,0.15082046764079857,0.1703696576927705,0.0016359035600168957,2.8354087256591706e-05,0.049021902173836396,0.11418236395905888,0.09029427172724531,0.5248457459072587,0.04286838297254194,0.0,0.0,0.0,0.13132443996491255,0.15060557600445848,0.16981952850307738,0.0016339819067744193,2.71584728000047e-05,0.04904793126005975,0.1139358993048075,0.09005923104033899,0.5248457459072587,0.0,0.07824388830355866,0.042743127625534144,0.0,0.0,0.0,0.1314077895114977,0.15103535921800704,0.17091978731609525,0.0016378252169550963,2.9549702157399503e-05,0.04899587314674463,0.11442882855417867,0.09052931282807279,0.5248457459072587,0.005627865581551478,0.002813932790775739,0.07793342544840126,0.07808865677742731
36,5.0,0.599814553221832,full_refinement,16,0.043884228081270925,0.014207350613058627,0.008182460349580806,0.0,0.13442425131375663,0.1567426026500656,0.17574146537706467,0.003313450385993162,2.8158727331504093e-05,0.05030180701917359,0.11671366564106334,0.09247271605152584,0.5253173428453062,0.17606491151848866,0.5000060273635151,0.17541801872064305,0.0038091037624249126,0.07928536533465129,0.04257105305672638,0.0,0.0,0.0,0.13105505271248086,0.15393336042367592,0.17277333171910078,0.0015069856779605505,2.0950010942157412e-05,0.049200673099784625,0.11585316156584119,0.09183178434059733,0.5248457459072587,0.042613209910178314,0.0,0.0,0.0,0.13116733940742004,0.15378431317509797,0.17211299216148085,0.0015028250208444815,2.0564912570717806e-05,0.049200724238756474,0.1155932354666884,0.09155749764155459,0.5248457459072587,0.0,0.07843782110189004,0.04252889629197184,0.0,0.0,0.0,0.1309427666088576,0.15408240792849076,0.173433670803668,0.001511146331072918,2.1335109246227043e-05,0.049200621881970656,0.116113088000073,0.09210607094108743,0.5248457459072587,0.00706874628837107,0.003534373144185535,0.0780998762085955,0.0782688486749533
37,5.0,0.5921875355449573,full_refinement,17,0.043812516789682864,0.01492781953849215,0.007866273128899821,0.0,0.13408985519544261,0.15649512293656218,0.1752641293381159,0.0033046860040743275,2.9845650721664544e-05,0.05021600312323814,0.116370479369974,0.09219808877358693,0.5253214063286443,0.1752911694326752,0.5000060273635151,0.1752370889480661,0.0037868855708402716,0.07908003922900127,0.04261552338444051,0.0,0.0,0.0,0.12890249977588022,0.15072593599479034,0.1699191115835987,0.001727219993462934,2.4913035527215806e-05,0.04884496112428014,0.11382366750369627,0.0901577872613435,0.5248457459072587,0.042692686219221704,0.0,0.0,0.0,0.12866218979396518,0.15003030831930497,0.16896568640830026,0.001724756880239559,2.4041843855852846e-05,0.04887905487268375,0.11329489971989046,0.08965527086898133,0.5248457459072587,0.0,0.07753365892897207,0.042538360421540876,0.0,0.0,0.0,0.12914281044766385,0.15142156483319702,0.17087253770500263,0.00172968310761024,2.5784227251211565e-05,0.04881086707036331,0.11435243512981783,0.09066030371283727,0.5248457459072587,0.00585903171647005,0.002929515858235025,0.07722054004038452,0.0773770997409152
38,5.0,0.592797450039708,full_refinement,18,0.04368907746782384,0.01566227082870162,0.007952981444323704,0.0,0.1333038708981306,0.15598762135836625,0.1744446528025457,0.0032784487937363364,2.6633613275837967e-05,0.05007820577906819,0.11575422545330383,0.09170533478597744,0.5253173219921231,0.1744886751299877,0.5000060273635151,0.17440063009940868,0.003759719381272455,0.07872789315562748,0.042275523471217304,0.0,0.0,0.0,0.12782991701175297,0.15030462336209086,0.16968042399517444,0.001583467582585635,2.234779925725725e-05,0.04871465758514152,0.11376991213629485,0.09003450195231134,0.5248457459072587,0.042365036027693245,0.0,0.0,0.0,0.12780544518557174,0.15020937841168788,0.1693161580928419,0.0015807945223367482,2.174200419444763e-05,0.04875072715656152,0.11369696957251382,0.08993186330590298,0.5248457459072587,0.0,0.07771246304745397,0.04218601110199141,0.0,0.0,0.0,0.12785438875909205,0.15039986892352028,0.170044689936928,0.0015861406477621545,2.295359507437001e-05,0.048678588092563646,0.1138428545818127,0.09013714087466715,0.5248457459072587,0.006404793993742378,0.003202396996871189,0.07717603474618896,0.07744424902493992
39,5.0,0.5947566325465069,full_refinement,19,0.04362689355024197,0.01646252722445105,0.007927518168058003,0.0,0.1331091132109969,0.15598153204738924,0.17405445579935402,0.0032703198295973095,2.7998829717288607e-05,0.049994081011828215,0.11543769077859586,0.09145324583938372,0.5253132805608149,0.1741461507321755,0.5000060273635151,0.1739627609678436,0.0037775616594207693,0.07851798013907992,0.04241273360001662,0.0,0.0,0.0,0.1311539855623056,0.151329691822409,0.1690072882821951,0.0015770045463882742,1.8603766234540882e-05,0.04883199037304,0.11305883252825687,0.08941836343713538,0.5248457459072587,0.04254702673781486,0.0,0.0,0.0,0.13110234188260855,0.15157126558441963,0.16885413146681255,0.0015766068507064746,1.829815417063136e-05,0.048900920326116856,0.11310176166986662,0.08940083511843883,0.5248457459072587,0.0,0.0777263902916164,0.04227844056077104,0.0,0.0,0.0,0.13120562906460786,0.15108811910505648,0.1691604444274196,0.001577402243301982,1.890937828220943e-05,0.048763060114449926,0.1130159028741733,0.08943589183467406,0.5248457459072587,0.006056607155149024,0.003028303577574512,0.07697616060259481,0.07735127531898715
40,5.0,0.5940089925037196,full_refinement,20,0.04351675060838883,0.017489515307752505,0.007660580319866918,0.0,0.13227630718571606,0.1552475321478614,0.17305437733363835,0.0032567285465620057,2.5013607292328966e-05,0.049880040994193665,0.11470270973258248,0.09086432697161737,0.5253169786153367,0.1724185090902507,0.5000060273635151,0.17369024554325568,0.0037693266442874,0.07810412858937348,0.042525083467206626,0.0,0.0,0.0,0.13182969223806468,0.15229979208695194,0.1694771856779144,0.001546240239847629,2.1982363680055845e-05,0.048910398834518025,0.11331785968923695,0.08957147428756038,0.5248457459072587,0.04255656167746536,0.0,0.0,0.0,0.1310330413518444,0.15160632048728606,0.1685321494227364,0.0015435360591346153,2.155883926303268e-05,0.04887022237692561,0.11282719176991907,0.08913675060978642,0.5248457459072587,0.0,0.07777003502404248,0.04249360508940838,0.0,0.0,0.0,0.13262634294689016,0.15299326323327564,0.17042222181482922,0.0015489444257962522,2.2405887950910218e-05,0.048950575390663095,0.11380852749029165,0.09000619786678168,0.5248457459072587,0.006511885929044592,0.003255942964522296,0.07761667146490364,0.07769335337259152
