t,ego_lower,ego_mean,ego_upper,tar_lower,tar_mean,tar_upper,ego_world,tar_world
0.0,,,,-0.004984501939079919,-0.00012726308126881727,0.0037161054028733882,0.0,0.0
0.2,,,,-0.0032374913047770776,0.0002189338729294832,0.003132764865796915,0.0,0.0
0.4,,,,-0.004091261143202931,1.4035351462856262e-05,0.0037233372437283177,0.0,0.0
0.6000000000000001,,,,0.027350555544033418,0.03207461416721344,0.03579419788187444,0.0,0.032077670097351074
0.8,,,,0.014635283558091353,0.018523653658727806,0.02320138245233148,0.0,0.018432946875691414
1.0,,,,-0.0074775176739954805,-0.00403448806454738,0.0009414741390849541,0.0,-0.003596608992666006
1.2000000000000002,,,,-0.013849757997401707,-0.009813818236192068,-0.0054848329374610205,0.0,-0.009796729311347008
1.4000000000000001,,,,-0.016319350029007845,-0.011938385032117367,-0.008153732620566508,0.0,-0.012241794727742672
1.6,,,,-0.022944969035230828,-0.01813631519675255,-0.014134902313168936,0.0,-0.018223555758595467
1.8,,,,-0.0060713350354329385,-0.002711067164006333,0.001047131966525999,0.0,-0.0026767973322421312
2.0,,,,-0.006289833422173959,-0.0020328409007440013,0.0019425791310909693,0.0,-0.00205417862161994
2.2,,,,-0.006709134501480348,-0.0032160573654497664,0.0011902798324752788,0.0,-0.0032132714986801147
2.4000000000000004,,,,-0.008327687816801082,-0.0045982237936307985,-0.0013848761487896867,0.0,-0.004729161038994789
2.6,,,,0.005567717422693991,0.008681081136067708,0.011560774595104604,0.0,0.008964693173766136
2.8000000000000003,,,,0.00730747762799939,0.012155206662913165,0.01597038061618947,0.0,0.011970198713243008
3.0,,,,0.004718201765645898,0.008959323192636173,0.013380752751158926,0.0,0.008643613196909428
3.2,,,,0.008508557526834987,0.012372579295188188,0.015138856156319038,0.0,0.012175831012427807
3.4000000000000004,,,,-0.010586069689027616,-0.006175845051184297,-0.0028738777342471374,0.0,-0.006343770772218704
3.6,,,,-0.03337367073007763,-0.02936753049492836,-0.02503035323883202,0.0,-0.029391050338745117
3.8000000000000003,,,,-0.004670124233130268,-9.202070912579075e-05,0.004037226558329825,0.0,0.0
4.0,,,,-0.0029908484895204692,7.997222341752301e-05,0.0033597972414388414,-0.06058909744024277,0.0
4.2,,,,-0.004287897524610896,-0.00023888157311982163,0.0047083575136344065,0.006065297871828079,0.0
4.4,,,,-0.0042903473878677595,0.00016068768139424112,0.004267259964809198,0.08107595890760422,0.0
4.6000000000000005,,,,-0.003664626303182434,-0.00014871912959885472,0.0034238074374783453,-0.0917019322514534,0.0
4.800000000000001,,,,-0.00438938621144902,0.00023228533895841487,0.003664806070838659,0.007829884067177773,0.0
5.0,,,,-0.004220097504936386,-0.00011903348160558377,0.003342843062380976,0.05394721403717995,0.0
5.2,,,,-0.003649850696674706,-0.00017339907026325818,0.0029601679905021227,0.07253066450357437,0.0
5.4,,,,-0.003983471541792291,-3.5993609320333534e-05,0.00440382834777222,0.0882715955376625,0.0
5.6000000000000005,,,,-0.0041119477504347,0.00017536809425412988,0.005703187016079784,-0.059014298021793365,0.0
5.800000000000001,,,,-0.004178589912768977,-9.101749058269587e-05,0.003239272737555795,-0.01465535070747137,0.0
6.0,,,,-0.002956452982607713,0.00016173277637183977,0.003793439120390554,0.029643530026078224,0.0
6.2,,,,-0.0030296849707881664,0.00031254752286865065,0.0034128390805969653,0.027859995141625404,0.0
6.4,,,,-0.0045612419539745866,-0.0004319898235068346,0.0031559310065215514,-0.028416436165571213,0.0
6.6000000000000005,,,,-0.004325199757700488,-0.000232552254468222,0.0034233860710589275,-0.03319002315402031,0.0
6.800000000000001,,,,-0.00438959870064059,-9.983067439558606e-05,0.0033640515650128835,-0.03980390354990959,0.0
7.0,,,,-0.0031177240106431184,0.00010875565952422528,0.004642536931229072,0.002133667469024658,0.0
7.2,,,,-0.0035330493750757135,-0.00011734614071125786,0.003121990075634185,0.03207547590136528,0.0
7.4,,,,-0.0038478928322003246,0.0003409430272101114,0.004068903890879494,-0.01827019825577736,0.0
7.6000000000000005,,,,-0.004050527414495697,3.731194262096929e-05,0.004325758851089292,-0.18124106526374817,0.0
7.800000000000001,,,,-0.00347321504522092,0.00011780125515845915,0.0038453516560176914,-0.048245690762996674,0.0
8.0,,,,-0.004231507875297327,-0.00015248033676471093,0.004211535201698127,0.028484797105193138,0.0
8.200000000000001,,,,-0.003555534626081198,-0.0001225783441744473,0.0034683315353171806,-0.18678995966911316,0.0
8.4,,,,-0.005100527182713222,-7.628426741575823e-05,0.003837986849247706,-0.10615911334753036,0.0
8.6,,,,-0.004724963264292618,-0.0005427078342715199,0.0027947455581298474,0.30211150646209717,0.0
8.8,,,,-0.003858436801943357,-0.0002472214189159179,0.0032739879211310273,-0.1899382323026657,0.0
9.0,,,,-0.004375862018173757,0.0001660641492829503,0.003938264675748298,0.10297893732786179,0.0
9.200000000000001,,,,-0.00342748328203157,-7.797863606053092e-05,0.003642420609571934,0.14398610591888428,0.0
9.4,,,,-0.003929520673691288,-0.00016725810002147533,0.0033015896792062197,0.03197634965181351,0.0
9.600000000000001,,,,-0.003872736864002213,-9.10601111051316e-05,0.0036866314960248715,0.02584180235862732,0.0
9.8,,,,-0.0035032045009697403,-0.0002763098730550459,0.0029905336517428997,0.08139969408512115,0.0
10.0,,,,-0.0036327043874198324,-4.650558393526202e-05,0.004348119419881993,-0.08737710118293762,0.0
10.200000000000001,,,,-0.00513520123802027,-0.0005951227946206927,0.003539543204070125,-0.011208044365048409,0.0
10.4,,,,-0.0031640942819424543,3.0840346807963216e-05,0.0036005342284026183,0.08947525918483734,0.0
10.600000000000001,,,,-0.002898634789217777,0.0005521532937321656,0.004747795826093975,0.21533793210983276,0.0
10.8,,,,-0.003298295641580646,0.0004197716490307357,0.0035957019933489766,0.13127776980400085,0.0
11.0,,,,-0.0034070086420211992,-5.996484784797455e-05,0.0031463332487648077,-0.13829292356967926,0.0
11.200000000000001,,,,-0.003994536375053452,0.0002833721982703234,0.004330930725459814,-0.03281097114086151,0.0
11.4,,,,-0.003466363621198328,0.00024447956995572896,0.0032338853937081994,-0.08095694333314896,0.0
11.600000000000001,,,,-0.0036733240438181817,0.0001442064000002574,0.0038094983279071894,-0.1001858115196228,0.0
11.8,,,,-0.003910451069562055,0.00019359451882337457,0.004185091321453417,0.12275969237089157,0.0
