epoch,lr,train_loss,train_action_mse_norm,val_loss,val_action_mse_norm,val_start_loss,val_start_action_mse_norm,val_roll_loss,val_roll_action_mse_norm,val_evt_tail_loss,val_evt_tail_action_mse_norm,active_closed_loop_chunks,train_state_consistency_m2,train_selected_xi_mean,train_mixture_nll,train_energy_score,train_diversity_penalty,train_smoothness_penalty,train_probability_entropy_penalty,train_candidate_entropy,train_responsibility_entropy,train_effective_candidates,train_probability_responsibility_l1,train_pairwise_trajectory_distance_norm,val_mixture_nll,val_energy_score,val_diversity_penalty,val_smoothness_penalty,val_probability_entropy_penalty,val_candidate_entropy,val_responsibility_entropy,val_effective_candidates,val_probability_responsibility_l1,val_pairwise_trajectory_distance_norm,val_start_mixture_nll,val_start_energy_score,val_start_diversity_penalty,val_start_smoothness_penalty,val_start_probability_entropy_penalty,val_start_candidate_entropy,val_start_responsibility_entropy,val_start_effective_candidates,val_start_probability_responsibility_l1,val_start_pairwise_trajectory_distance_norm,val_roll_mixture_nll,val_roll_energy_score,val_roll_diversity_penalty,val_roll_smoothness_penalty,val_roll_probability_entropy_penalty,val_roll_candidate_entropy,val_roll_responsibility_entropy,val_roll_effective_candidates,val_roll_probability_responsibility_l1,val_roll_pairwise_trajectory_distance_norm,val_evt_tail_mixture_nll,val_evt_tail_energy_score,val_evt_tail_diversity_penalty,val_evt_tail_smoothness_penalty,val_evt_tail_probability_entropy_penalty,val_evt_tail_candidate_entropy,val_evt_tail_responsibility_entropy,val_evt_tail_effective_candidates,val_evt_tail_probability_responsibility_l1,val_evt_tail_pairwise_trajectory_distance_norm
1,1.999306132616651e-05,0.1647511524565308,0.025795045565819817,0.2424425517656942,0.12474291093325886,0.03977141171844942,0.01762889598457124,0.25268391721886746,0.13009859837833782,0.46969145078090363,0.22488262535637873,1,0.0,6.8731572568006545,0.036993101043082684,0.033970565210080926,0.010895287121667702,0.031064019517063918,0.8619566992550348,0.6489210724677582,0.6455110108275144,2.1855084385508845,0.0005641719887534574,0.20071395700611988,0.21892085136210396,0.16526711430461236,0.008932187599811545,0.02129874959718554,0.40632424728545913,1.0938647134120905,1.0749373136523808,2.9682311968232757,0.008856419998831452,0.20899316450149255,0.02965455429863298,0.022569084117049092,0.021863827421255696,0.031694246244354046,0.12589300130803352,1.386502448660176,1.3843274844948783,4.004583614367527,0.000856075941525628,0.1748393750460936,0.2284992020245147,0.1724308445189118,0.008285297313433266,0.02079208743497282,0.42019382563641144,1.0792327617014745,1.0594677275975677,2.916413335089505,0.009256437950790904,0.21070086424381831,0.4433097275979672,0.36517823622254497,0.0073778978909360875,0.02725756235437854,0.42701370589013854,1.0693199869334793,1.0357169465630403,2.846258581190585,0.012135249368418739,0.24493604361445007
2,1.9972256003598153e-05,0.33367245586972133,0.0990136041857968,0.18265681104511228,0.11356734935290791,nan,nan,nan,nan,nan,nan,2,0.0024398221056535527,4.813768893049928,0.15275306487049026,0.13204718586622602,0.017786236110179408,0.028368364007385724,0.1840223102861083,1.3246055576467197,1.3164885615662445,3.777372745775912,0.004236136394614179,0.1784206300795252,0.1697505826309428,0.15020079890114058,0.021756041933189377,0.023333373948187158,0.15814961015604123,1.3550349268807187,1.3446840858054319,3.8633209190237423,0.004241571996729577,0.1636138471553252,,,,,,,,,,,,,,,,,,,,,,,,,,,,,,
3,1.993761611259434e-05,0.7096221316522852,0.2632682131160206,0.18208943281992382,0.11350105098414351,nan,nan,nan,nan,nan,nan,3,0.007661447283817779,3.9024818825934737,0.3428189730729826,0.3187798741364246,0.02194471894899757,0.028075445484456642,0.06632942088358575,1.4563693431803821,1.4440126138245875,4.268803211549676,0.005688385069001016,0.17052281003304842,0.17565657262721587,0.1511423545883672,0.022321129548812244,0.024009489129927175,0.02666343464281049,1.516259328861274,1.5023990532374052,4.521154905657382,0.005055646636286545,0.1667777557323507,,,,,,,,,,,,,,,,,,,,,,,,,,,,,,
4,1.988919506535624e-05,1.0746069039555446,0.4331358548641631,0.18523277882851027,0.1129301635827894,nan,nan,nan,nan,nan,nan,4,0.016928380897723614,4.081631884873761,0.5235496980179262,0.4961863833050555,0.022854342999748718,0.026803511172843346,0.017272161941827555,1.535654911449841,1.5214502394717084,4.6076186061233715,0.00655286117487586,0.1652332518649547,0.17958981259044418,0.15199757946505685,0.02302928433170187,0.023614480643807938,0.008649057049020657,1.5630879927066463,1.5488896220609616,4.734562708787209,0.005493515049994907,0.16897706823267755,,,,,,,,,,,,,,,,,,,,,,,,,,,,,,
5,1.9827067523629075e-05,1.4105101819220693,0.5912102498879663,0.18276202401114694,0.11147900769157588,0.03616183900643125,0.018762531332845916,0.19027861020131231,0.11611482087227405,0.406557820912077,0.21078585819805495,5,0.039675858290121,4.442439203308011,0.6842782767445766,0.6566597930428331,0.024219105657412626,0.025051713727374567,0.012157392003467146,1.5504895297750785,1.5362105750945136,4.674877244047318,0.006847978051783252,0.15765445662162467,0.17721424353649012,0.14967341773758572,0.023103287654934582,0.022274549541967812,0.007256154135868583,1.5663443773816583,1.5534404129856547,4.754552347928844,0.0054321197538628576,0.16510477267007648,0.030116969861955382,0.02288336639950498,0.0263774120198924,0.039763596996933354,0.029235741783406172,1.5081724491506303,1.5046223934331904,4.519602969092036,0.0008585661593508465,0.1712410962241107,0.18475659718562348,0.15614084233052733,0.022922216491703166,0.02140748638154631,0.006163935944911449,1.5692529293982984,1.5558812626763867,4.766299630636706,0.005660796859614895,0.16479796086253895,0.399513907315765,0.3475290771213097,0.018481112664495505,0.028624445466326563,0.010204540654843256,1.5439727875915745,1.5163608639038924,4.596126310123229,0.00868855496568903,0.1994121329374681
6,1.975132928357909e-05,1.4059140307719658,0.5883600379060738,0.1819429150516112,0.11096559250489074,nan,nan,nan,nan,nan,nan,5,0.039234968971258506,4.640503703047514,0.6822863526519425,0.6532802049111793,0.023769314175019835,0.02468112363048331,0.01033834557770258,1.5572651843502068,1.5426332161154928,4.7048804767304295,0.007121706151889347,0.15754366950563917,0.17669080024301337,0.14892498855477088,0.021712999656940984,0.02261228972639619,0.005595848662095283,1.5705169238371688,1.5584331383675858,4.776617377311336,0.005448564540836912,0.16531080262816508,,,,,,,,,,,,,,,,,,,,,,,,,,,,,,
7,1.9662097128082828e-05,1.4022041306215076,0.5850848694941262,0.18879409647347126,0.11473037811593188,nan,nan,nan,nan,nan,nan,5,0.03927194155039483,4.763944733526309,0.6807171942670676,0.6507714219724416,0.022303198387618153,0.024584047641002294,0.009356909289060055,1.5571551592728734,1.5421991306860048,4.702466172873844,0.007360150148297349,0.15990602047421035,0.18361055540213164,0.155037024490643,0.021249521055433717,0.02221365942174427,0.004472114501310934,1.5751226454326066,1.5605496673938566,4.787969561208152,0.005759041502957696,0.1669283928536244,,,,,,,,,,,,,,,,,,,,,,,,,,,,,,
8,1.9559508646656387e-05,1.4013243163023468,0.5849772278769401,0.18777792572518653,0.1148800413579363,nan,nan,nan,nan,nan,nan,5,0.0393760597299784,4.799346665973903,0.6803022754881265,0.6503445691443781,0.022473506998242482,0.024482466636734968,0.00793136154431561,1.562411805966222,1.5473822371450923,4.726120283449505,0.007366097867406566,0.16029339580341342,0.18235248082446787,0.15403762785099387,0.022778985834332126,0.022064779089034446,0.004951455182654119,1.569011460006636,1.5549779685475114,4.760187681938322,0.005613002858072558,0.16545457113994866,,,,,,,,,,,,,,,,,,,,,,,,,,,,,,
9,1.9443722023302363e-05,1.3983948263521397,0.5840882749782651,0.18480757159262173,0.11137096768618747,nan,nan,nan,nan,nan,nan,5,0.0390266885879588,4.857421988472746,0.6789997159760798,0.6493535362976385,0.02207937993470201,0.024381087389873282,0.007835391884232774,1.5590644833930623,1.5442803067905078,4.71084853133013,0.007349973478189207,0.16009489878075764,0.17989553299746616,0.15011627317621168,0.02008242773798388,0.022133936842947392,0.0035434421582272676,1.5756869989473579,1.5622520876953543,4.79452144733614,0.005751749510489796,0.17088949177991603,,,,,,,,,,,,,,,,,,,,,,,,,,,,,,
10,1.9314915792601585e-05,1.3977071574828754,0.5825032303683766,0.19274700608010575,0.11743325667695739,0.03784448129250825,0.02007709723162592,0.20068563419909882,0.12230107555661333,0.40820618347244597,0.2137576918092379,5,0.03899843261652796,4.8871644206740426,0.6788192986370702,0.648085943619325,0.021448373459176297,0.024239234035668612,0.006883312722228592,1.560531672595835,1.5453714322770664,4.715620056983321,0.007531359919897773,0.1616352043068483,0.1878930647304859,0.15740875257569018,0.019140705281263597,0.02138254460429813,0.003898430776470002,1.5730446841203014,1.5574054786550788,4.772212322383558,0.006088190110419101,0.17183547728512374,0.03226565130161366,0.024725494169190763,0.025848230028101264,0.042066331757407975,0.020673552446439016,1.5272027744414816,1.5235949268155502,4.605836709590463,0.0008976052580079358,0.17125173582593445,0.1958688411382483,0.16416963298334095,0.01879037086411777,0.02035560787725007,0.0030596864291261845,1.5753368099361096,1.5590960401640845,4.7805312517932474,0.00634772045702464,0.1718646704652151,0.4019087339486,0.3465880562681686,0.015261854856767948,0.02782072346143552,0.005281723802875759,1.55486739079672,1.5240286844031552,4.629888519042345,0.0092613524478639,0.20567738281627504
11,1.9173288564425736e-05,1.3939178197435789,0.5799656015136824,0.1938576101602276,0.11637000606825416,nan,nan,nan,nan,nan,nan,5,0.038914135636990574,4.891061967508245,0.6770829367388329,0.6452458318596234,0.020846909023877758,0.02430900673227051,0.006497300307099277,1.562211105948127,1.5466065349433877,4.721715652242767,0.0077250304324735395,0.16450572694495663,0.18899520341327083,0.1579436470763193,0.019259270666979442,0.021828787852502023,0.0035158231968215993,1.575517828091714,1.5607972074016314,4.788004609311291,0.0060765096576416815,0.17502489580090952,,,,,,,,,,,,,,,,,,,,,,,,,,,,,,
12,1.9019058717695313e-05,1.3935152758479041,0.5811706833470083,0.1860669659763744,0.11118533433703073,nan,nan,nan,nan,nan,nan,5,0.0387687040529092,4.9474426255362465,0.6768687187838474,0.6461282592896228,0.021293336413480444,0.024245801587231185,0.005980132476905924,1.5630934548038338,1.5479233541913204,4.727118895945387,0.007529798073131126,0.16313548081405724,0.18141422732962278,0.1501363352819747,0.01864569313769684,0.021575095796862013,0.0027754138610278337,1.5779757076040113,1.5646728792056221,4.804713474485791,0.005937749930643759,0.17591943713075522,,,,,,,,,,,,,,,,,,,,,,,,,,,,,,
13,1.8852464063655178e-05,1.3921644752860258,0.5798637046975285,0.18403155622380094,0.11106341582045118,nan,nan,nan,nan,nan,nan,5,0.03876940294264138,4.962699848335414,0.6763343549539521,0.645949623710624,0.020469145559947177,0.024183494474241406,0.0056764868244583,1.561962753635907,1.5469976585241059,4.721983469479435,0.007488326042517403,0.16342754255491665,0.17955069144699046,0.14979296565708583,0.017358987329914966,0.02153132625332584,0.0032754817860667584,1.5692298036431436,1.556301322517841,4.764256252196093,0.005720016647952708,0.17345258521488002,,,,,,,,,,,,,,,,,,,,,,,,,,,,,,
14,1.8673761479186834e-05,1.3902680308296163,0.5783035051546865,0.1851651319509986,0.11249443462844812,nan,nan,nan,nan,nan,nan,5,0.0387324972941176,4.997219929373799,0.6754792504513345,0.6446277794628291,0.020129359016788334,0.024300205583600194,0.005259029806770087,1.5621680408521201,1.5470246825152718,4.722108791773815,0.007558620057355386,0.16348316421072284,0.18021628318612612,0.1515333223247394,0.02043398538468386,0.021489719991631035,0.0030703973769179533,1.5698018068292034,1.556337303800431,4.764689290152098,0.005616717221231946,0.17152900613459643,,,,,,,,,,,,,,,,,,,,,,,,,,,,,,
15,1.8483226510722914e-05,1.3874777286317819,0.577266207610459,0.18582577202649958,0.11233590362972978,0.03661267786702985,0.020078155251238763,0.19349135785943306,0.1169487960065677,0.3950725143791154,0.20456288336374112,5,0.03864157367216166,4.986389705447741,0.6741983888359154,0.6428167242870981,0.019814049036330474,0.024334637131497604,0.004729214397466863,1.5629303729461426,1.5475129503764842,4.72438592982455,0.007669776147858234,0.1648745578243737,0.18093005494785125,0.1509872304901728,0.020210879463485976,0.021236896144897235,0.002836874701985874,1.5686876832957692,1.5550994125649011,4.758137881212842,0.005759124842393766,0.17372739164653891,0.03173322799449578,0.02408261824791734,0.023885348363415323,0.04231704724850405,0.012653012520704388,1.5473032005280842,1.5438785808620876,4.698574569372873,0.0008637285036842826,0.1691201315967964,0.18859630479214973,0.15746260324155684,0.020009767787688714,0.02019148760885648,0.002340931234708936,1.5697569563146507,1.5556605104461414,4.7611162286425595,0.006003894672434699,0.17395776911653907,0.3890179429653994,0.33350414162255965,0.014935499419600368,0.02828090087248171,0.003927645496790927,1.554162354885014,1.526113986334446,4.633875882809084,0.009213878059286237,0.21166144320860542
16,1.8281152949374533e-05,1.3873613401259894,0.576403840006685,0.18977285739400845,0.11513412634629186,nan,nan,nan,nan,nan,nan,5,0.03836999700390265,5.000426830896734,0.6741873956100898,0.6428313971786989,0.020046492729839653,0.024082939329833946,0.004493237701112428,1.562235284571251,1.5470459521733488,4.7217148153343,0.007563712355888207,0.16490022586937392,0.18493266280213308,0.1548712144180514,0.019905095326096283,0.02143893129028255,0.0018265710337156968,1.5790615784086823,1.5635737200013446,4.798983175896422,0.005857975675812236,0.1759954936264291,,,,,,,,,,,,,,,,,,,,,,,,,,,,,,
17,1.806785237792671e-05,1.387925829902209,0.5778829405419714,0.18606009451899128,0.11280701583368549,nan,nan,nan,nan,nan,nan,5,0.03845573790527365,4.980645165119556,0.6744299615273753,0.6436841880671547,0.020280817667408076,0.02408770811722636,0.0039834606934841445,1.5651037981307447,1.5502375371670853,4.736190224582986,0.0074444476624775345,0.1645323370472439,0.18142949821061236,0.15147943706715133,0.018704712532499685,0.02123338611880826,0.0019552342031320005,1.5734950442850955,1.5593893239208396,4.777954684412039,0.0057356059885033854,0.1753860901300883,,,,,,,,,,,,,,,,,,,,,,,,,,,,,,
18,1.7843653690400287e-05,1.380833211713668,0.5743252642147748,0.18771271774443837,0.11447682456750023,nan,nan,nan,nan,nan,nan,5,0.03821519698900864,5.022900165905309,0.6711303171313947,0.6392931607810837,0.019269391921980947,0.024107130574872036,0.004161583787589033,1.5633823971883327,1.5479963976999784,4.725939962194176,0.0076161131611451076,0.16644691980203435,0.18306443016637963,0.15337821189859238,0.01848345618727371,0.020645232288162528,0.002710704048818183,1.566585631088111,1.5518503995765698,4.742562583283139,0.0057235704526351315,0.17454728186988305,,,,,,,,,,,,,,,,,,,,,,,,,,,,,,
19,1.760890258492118e-05,1.3836325828212963,0.5744719936944095,0.18449695679826209,0.11069423367539533,nan,nan,nan,nan,nan,nan,5,0.03831352443198274,5.0622137792757895,0.6725265311446277,0.6401330339218632,0.019064103404309314,0.02394415645889087,0.004219816920832118,1.5620787016289504,1.5465020726830123,4.71892798651253,0.007703342112686398,0.16715351246971483,0.1800560539270171,0.14861189627638058,0.01767330229995263,0.0208795597730081,0.0018998574386528307,1.575645663650099,1.5618308800811833,4.789603146524284,0.005856118076940339,0.17930532997452905,,,,,,,,,,,,,,,,,,,,,,,,,,,,,,
20,1.7363961030678935e-05,1.3849870280903345,0.5753686722433409,0.18506916334743131,0.11235271825117552,0.03703866213578611,0.020534222597872045,0.19265107909225573,0.11694364979360396,0.38384507365397214,0.2004033404309584,5,0.03827892684723738,5.064469755995718,0.6732109043619771,0.641420151043775,0.01910517296475432,0.023884152944875735,0.0038811211078636147,1.5637896684691173,1.548403569601867,4.727610806085623,0.007581489792865835,0.16609282673215853,0.180476127622587,0.1504239903195042,0.018251473941708306,0.021608543333281844,0.002699779796619407,1.5671685541893814,1.5537665432461207,4.749815737990926,0.00565389474330924,0.1768172858954369,0.03267334478550065,0.024616501395980213,0.021098991359376408,0.04359871305122777,0.010366340499981247,1.5569057972873868,1.5534482433346335,4.743584401709672,0.0009078502275348111,0.1694211116774288,0.1880486539526278,0.15682604492895105,0.018090672903233275,0.02051564754082707,0.002308144953446565,1.5676817320543548,1.5537825048687888,4.75012753845717,0.005891197512053143,0.17718709027315613,0.3780418477063899,0.32312032030934207,0.01399659861638604,0.02885141572107764,0.003680443682686007,1.5544404410369241,1.5267407409133988,4.632594656762485,0.009098376353047418,0.21268381044180715
21,1.7109206709796485e-05,1.380466186464512,0.5734518262363105,0.18535775587383807,0.11192140647055929,nan,nan,nan,nan,nan,nan,5,0.038191040756827645,5.083211976157867,0.6710569709453655,0.6390453986098904,0.018662400095390292,0.024100581954069576,0.003950920292009961,1.562678205425804,1.5471932135250777,4.72187305486596,0.007677509639421466,0.16732747300969963,0.18073865353228022,0.15037037448280094,0.01864134928279704,0.02131379451703127,0.002121150463985956,1.5709516365215945,1.556905231118993,4.764940761239744,0.005753576703539962,0.17877647140301853,,,,,,,,,,,,,,,,,,,,,,,,,,,,,,
22,1.6845032434971662e-05,1.3799887411318468,0.5731637177832923,0.1831894903049334,0.11339398412418063,nan,nan,nan,nan,nan,nan,5,0.03801689679274507,5.089317720643945,0.6708209867534117,0.6391293243060975,0.01906510927772929,0.023866678942264217,0.003588731916053,1.563924574791194,1.5485165930245635,4.727777462316856,0.0075547206056001265,0.1666138072471269,0.178547111976544,0.15056853977596918,0.018833581332673887,0.020875907221276607,0.0020579290620435075,1.5703748720583923,1.5566183672601235,4.763422938768741,0.005389103541301554,0.17143130389843586,,,,,,,,,,,,,,,,,,,,,,,,,,,,,,
23,1.6571845543788514e-05,1.3786305483042174,0.5723775958782265,0.1857363935894398,0.11165181265929124,nan,nan,nan,nan,nan,nan,5,0.03795818624122474,5.112474527486764,0.670272496084409,0.6385047664230105,0.018291562746823,0.02406213757653691,0.003676614163162556,1.5634463079648462,1.5481630945841511,4.725985621196002,0.0075745249750601255,0.16705066843852967,0.18143873956394146,0.14962666582553483,0.01664675060929209,0.02088184228412944,0.0019111483630833098,1.5717020793630472,1.5574631847518234,4.767947855264671,0.005911415123490816,0.18068940170333486,,,,,,,,,,,,,,,,,,,,,,,,,,,,,,
24,1.6290067270632266e-05,1.3776929074762947,0.5699856795136592,0.18326299751175393,0.11216532018989014,nan,nan,nan,nan,nan,nan,5,0.03810770228932539,5.093369329049455,0.6698580432405539,0.6364324407198048,0.017940257663601567,0.023837624716190272,0.0033550253199935076,1.5638144494810797,1.5477837811131239,4.724842320783138,0.007825200460710285,0.1688052548333183,0.17870113087956443,0.14903318264043683,0.01818479532288997,0.020706348358840714,0.0027350349527744777,1.563744177724389,1.5506612718758053,4.734271947716498,0.0054973941724651395,0.17600240596790662,,,,,,,,,,,,,,,,,,,,,,,,,,,,,,
25,1.6000132097176428e-05,1.3794389134385656,0.5718755303367903,0.18862829570851294,0.11569248573098076,0.036834509160714325,0.0206863772774879,0.19641263577958315,0.12044279381234906,0.3950116207185126,0.20833483909770853,5,0.03798251478478009,5.10220209926927,0.6707059708469142,0.6380977412563233,0.01827379868731953,0.02381259794607519,0.003153757137657796,1.5650377685461372,1.5493862317136866,4.73192399371592,0.007649783530566899,0.16768275134139227,0.18411512925459025,0.15442414155104325,0.017885742641512388,0.020641288576754624,0.001593031379836995,1.5743776834056553,1.5584102415697516,4.7730226393926936,0.005723045303589535,0.17773721307121576,0.03270340894667585,0.024513303766251104,0.019841670230512195,0.04394786518997866,0.009404764715867448,1.5615350855874908,1.5582784685232802,4.766575121854902,0.000871706635948973,0.1696451099022307,0.19188215222794974,0.16103349221626242,0.017770543186635217,0.019482510291692314,0.0011948425527932894,1.5750198688607757,1.5584168841404047,4.773345298478875,0.0059656128724541535,0.1781418258882018,0.3890952209704489,0.3351936916484539,0.014528669364516716,0.02765571711382074,0.0021722550755497987,1.5637158535827134,1.53309343698436,4.66645817707947,0.008927475129189984,0.2107222615652094
26,1.570248708244355e-05,1.3749542117918891,0.5704338506332381,0.18573750216344997,0.11231444873451638,nan,nan,nan,nan,nan,nan,5,0.03790852381316817,5.1061138112317686,0.6685284396013855,0.6359431505990637,0.018124514157106947,0.02372886205311695,0.003122832666618779,1.5662639027512915,1.550492419867054,4.737159650961576,0.007654864181976782,0.16851779140546067,0.18129182533035576,0.1507361343175543,0.01745243103813646,0.02041448274872857,0.0023261024911631206,1.5664587033747794,1.5515626032312895,4.740428906437623,0.005778379106031011,0.17962915089644813,,,,,,,,,,,,,,,,,,,,,,,,,,,,,,
27,1.5397591173472607e-05,1.374413413812027,0.5701324999431115,0.1871213252332061,0.11348800029120151,nan,nan,nan,nan,nan,nan,5,0.03786197104975702,5.116152479779829,0.6683166255549253,0.6353469902890914,0.01781020478281869,0.02379328547953616,0.003233033223542974,1.5634406199761814,1.547509044460253,4.723267090841679,0.007724178127700257,0.16869854912035565,0.18290550978416686,0.15155702099405144,0.015984096612964408,0.020847503918384348,0.001883131391368944,1.5691813881109997,1.5537055293600295,4.74952690455385,0.005882287807878842,0.18086419558215108,,,,,,,,,,,,,,,,,,,,,,,,,,,,,,
28,1.5085914497655932e-05,1.3758952229898165,0.5697152268062974,0.18552446349049787,0.11161404564452182,nan,nan,nan,nan,nan,nan,5,0.037802883897388645,5.1427039391193805,0.6690997691661449,0.6359718121423905,0.017610259997084408,0.023856403007194337,0.0031459633584849855,1.563289553347363,1.5474778040997494,4.722943410740592,0.0077167612967465275,0.16869081905396305,0.1812330188602848,0.1496578772074739,0.01666626575978971,0.020816917116330512,0.0017351326049361213,1.571790090186394,1.556933481326114,4.764860378224621,0.0058481652376609706,0.18120759894383234,,,,,,,,,,,,,,,,,,,,,,,,,,,,,,
29,1.4767937637836864e-05,1.3737914856440914,0.5689287021929403,0.1898077092092951,0.11470043162816218,nan,nan,nan,nan,nan,nan,5,0.03784170901564963,5.152241489680637,0.667991263702846,0.6354833916769697,0.017984765349143585,0.02371610586463753,0.0030868461536594487,1.5642458837153044,1.548515413602728,4.727658802110087,0.007617037578880978,0.16867275835038767,0.18549054694080425,0.1539217017972815,0.01668130827146188,0.020834805602653286,0.0013480323453352863,1.574633205023817,1.5576436381400143,4.7694363004531395,0.006001941919082924,0.18108975498882238,,,,,,,,,,,,,,,,,,,,,,,,,,,,,,
30,1.4444150891285819e-05,1.3729481495116063,0.5688725257699229,0.18488749147675893,0.11339830812422061,0.036092098308347365,0.020339186313997587,0.1924959178094019,0.11805125909558835,0.381022514970744,0.20183771017656413,5,0.03768960475115771,5.130782885756765,0.6676435859410023,0.6346218105707931,0.01790827437640255,0.02364409042276961,0.0027836254019824942,1.5655000737285418,1.549702874130771,4.733140717522258,0.007672368065049329,0.16854895893124996,0.18044599942590012,0.1510074775955316,0.01740752759554884,0.020442031647894824,0.0023173499508994215,1.5638735198963798,1.5487811961856335,4.726145417876098,0.005561671961687386,0.17684593922051317,0.03184621735244428,0.024027243609742777,0.021361674112214776,0.043233470641241584,0.0073804398353189025,1.5690696213561737,1.5660026225163266,4.802762993895669,0.0008174952706991022,0.16529543647927,0.18804660183577476,0.15744852283447086,0.017193303754739424,0.019308833800637186,0.0020549351069628014,1.5636137111081863,1.5479201062800005,4.7223143896546285,0.0057988804103615765,0.17742346287230185,0.3752552638905732,0.3217654717755719,0.014177470136910286,0.027363311941504324,0.002986808397137663,1.5548408006767698,1.5262106120234822,4.630000464642859,0.00873281144826571,0.20945992186899204
31,1.4115053513697447e-05,1.3694082841291768,0.567479026088768,0.1843911888948654,0.11128524431387596,nan,nan,nan,nan,nan,nan,5,0.03763782847051121,5.148517498568484,0.6659341841609175,0.6328309150007391,0.01764248337413562,0.02385363751808667,0.0029456667044693583,1.565093647047521,1.549136604459577,4.730630646476604,0.0076785533619267675,0.1695954396417123,0.18023293611338276,0.14905127642362995,0.01586826266230035,0.020981393567859732,0.0015537284317872963,1.572592211912265,1.5570309631167716,4.765466921264001,0.00581991550426696,0.17986587936640305,,,,,,,,,,,,,,,,,,,,,,,,,,,,,,
32,1.3781152949374537e-05,1.367544775597882,0.5672578837705355,0.18799080359511688,0.11634397763968973,nan,nan,nan,nan,nan,nan,5,0.03775820682201312,5.162083633895336,0.6649894440230993,0.6320315349772568,0.017650471899129414,0.023806553714185597,0.002748734857695806,1.5660942025430473,1.5501064583832667,4.7351827432950895,0.007633874860698304,0.1690528385329491,0.18348741777332075,0.1543788982558263,0.017786055035283486,0.020558100702363653,0.0017221456517392127,1.5691071366191214,1.5524834037507438,4.7436893595501015,0.005567051828410775,0.17739369594897822,,,,,,,,,,,,,,,,,,,,,,,,,,,,,,
33,1.3442964048785679e-05,1.371594896019347,0.5679109724728802,0.18828787310231712,0.11432002906120388,nan,nan,nan,nan,nan,nan,5,0.037784563455984556,5.188684654104116,0.6670384004261019,0.6340098612784081,0.017348696814137803,0.023431854945616826,0.0027236107795524755,1.5634550197022121,1.547590719272225,4.722990125616931,0.0076428033676461775,0.1689310585416898,0.18400596375736286,0.15273586981986068,0.01654457820947547,0.02080811431866069,0.0012956533127479381,1.5739151454999085,1.5568560044323256,4.764388332589167,0.005897352083518839,0.1827688722717708,,,,,,,,,,,,,,,,,,,,,,,,,,,,,,
34,1.310100827470316e-05,1.366208646868956,0.5649818463887037,0.18690250873797157,0.11526730613248597,nan,nan,nan,nan,nan,nan,5,0.03752058969643987,5.175431942972056,0.6644093940048048,0.6308777194565524,0.017600462704739396,0.023521360150733046,0.002614376275058915,1.5651045269135377,1.5489146309604493,4.729323451669714,0.007723138770367019,0.17047515244211972,0.18255677695185096,0.15320207566135088,0.016766218348281216,0.020607402770317456,0.0018540873098485968,1.5676149245531739,1.5509015803724815,4.7358779190610125,0.005575162978000441,0.17899499939887037,,,,,,,,,,,,,,,,,,,,,,,,,,,,,,
35,1.2755812898145165e-05,1.3664826961688086,0.5645887060056184,0.18606792742882935,0.1126493093940729,0.03640404352565479,0.020651709795448503,0.19372853763304346,0.11724921978363904,0.39544630150986376,0.20465178140833676,5,0.037487889543943165,5.189035288953591,0.6646251213658966,0.6309544030847181,0.017132658194260904,0.023533746211733732,0.0025894840781739057,1.5652334333288347,1.54899359780701,4.729737837548521,0.00772239305448237,0.17073331782806822,0.181883389264678,0.15061935178585292,0.015994053183617924,0.020383842830881904,0.001507953348221383,1.570951298897188,1.5542341459348668,4.751931327631404,0.005845265773042529,0.18248501059259348,0.03254656554721226,0.024428344596446463,0.018842633129634415,0.04288318145521258,0.007159351052138418,1.570805874943758,1.5676166547748815,4.810965758331369,0.0008638555213212936,0.16604484300686445,0.18952916191505662,0.1570251007141521,0.01583736262742073,0.019264721468636965,0.0012174691399087067,1.5709586436663125,1.5535651080757904,4.7489799671137565,0.0060943351557377675,0.18330701154967663,0.3898286672890264,0.3331584521222159,0.012683416558787335,0.027676007998060827,0.0021357351388395585,1.5642480448053442,1.5336538070809873,4.665628413333599,0.009195857150355546,0.21759293608580746
36,1.2407910185362087e-05,1.364708498623377,0.5646030615982575,0.18644420847377058,0.1161737880170756,nan,nan,nan,nan,nan,nan,5,0.037500494298842564,5.193216140654661,0.6637057504104826,0.6301741592690467,0.017326285164910894,0.023326501894127466,0.002788465522647675,1.5644664203827316,1.548335111659552,4.726743994689415,0.007660785115763726,0.17005807678187457,0.18190706305036836,0.15360045840008835,0.017850201117524705,0.019976215832888073,0.0024769695798338627,1.5591037666759684,1.5420735503738636,4.694492629669253,0.005460075857429801,0.1763433363109851,,,,,,,,,,,,,,,,,,,,,,,,,,,,,,
37,1.2057836577120549e-05,1.3661823003013627,0.5661577478283524,0.18624905225696,0.11322122669081844,nan,nan,nan,nan,nan,nan,5,0.037621897175646464,5.2094332016830665,0.6643634206894489,0.6312171640855928,0.017591511363290464,0.023390915598717508,0.0027489811982147447,1.562251209720853,1.5460993278014232,4.715947555340758,0.007555893071698824,0.16976358218655904,0.18202235894376928,0.1510413518494048,0.01626341252915894,0.020519197193412542,0.0014315111969706998,1.5719291913075895,1.5546654204436472,4.75377280106722,0.0057798262015505775,0.18141254341547922,,,,,,,,,,,,,,,,,,,,,,,,,,,,,,
38,1.1706131861550614e-05,1.3646217027890792,0.5657074835942748,0.18627731399733374,0.1142135633570402,nan,nan,nan,nan,nan,nan,5,0.03754206144030935,5.202032949594673,0.6636902700747188,0.630733863487273,0.01718935543968121,0.02346787322643256,0.0022929888610756922,1.5672351862249119,1.5514272629629426,4.740919279980202,0.007532078413082477,0.16940231612755588,0.18189329459853898,0.15164063657914126,0.017164706094213153,0.020258232131202702,0.0018064888653718638,1.5669266808324518,1.5493487690830194,4.728566245345737,0.0056829482720864325,0.1814663914186808,,,,,,,,,,,,,,,,,,,,,,,,,,,,,,
39,1.1353338341831626e-05,1.3636861787348091,0.5639209425112778,0.18588975820720835,0.11141042138317866,nan,nan,nan,nan,nan,nan,5,0.037459062653261925,5.20926137383129,0.6632740695323086,0.6297791395353046,0.016962637166000744,0.02328022912983901,0.0025853202172415254,1.5644836019389063,1.5484151460817,4.726820896980706,0.007612952073872089,0.1710043300688016,0.18183210785703904,0.14898948480868565,0.015213473963051527,0.020401399487647912,0.001634402853439972,1.569134011249439,1.5511381250928513,4.737011337359236,0.006027396501906129,0.1886382644182899,,,,,,,,,,,,,,,,,,,,,,,,,,,,,,
40,1.1000000000000008e-05,1.3614939016211351,0.5629036586729397,0.18681927167360285,0.11496364683031213,0.035968082783737185,0.020476068214470372,0.19452931542607277,0.11968802857993677,0.39257995714396643,0.20616663340921282,5,0.03738721758083014,5.218604173019643,0.6621480495320515,0.6288309674248097,0.01729873344227304,0.02305936764109666,0.002767757102184702,1.5618645581978459,1.5457657051951077,4.71447424340478,0.007548345035215483,0.17045859694647134,0.18256887098749766,0.15289968431499448,0.01621001748562081,0.019888078659058152,0.0018203914673455073,1.5667053778649007,1.5486894788136307,4.725571415419671,0.005636412467548618,0.1808606443935413,0.03227405234495815,0.024082176682649746,0.01842490779769961,0.04275405212860501,0.005238622327907159,1.5793713213074307,1.5764262285520758,4.852640605619348,0.0008402975428601928,0.16428024146564751,0.19025276036236355,0.15943226091303062,0.016085041475728465,0.018749550757102655,0.0016396228996221353,1.5660721418759365,1.5473027150997636,4.719218265266552,0.005876219164317154,0.1816896622183653,0.38689820298212513,0.33236237424660925,0.013152825733058026,0.027109052623613947,0.0022827099456109237,1.5608065818440329,1.5281411903296558,4.640020907482575,0.008937880852053494,0.21494546296819134
41,1.0646661658168392e-05,1.3624339333878217,0.5637037925854346,0.18569850801614904,0.11161019916434005,nan,nan,nan,nan,nan,nan,5,0.03739862377235082,5.208636294205569,0.6627026926165214,0.6292910742960035,0.016856994553770124,0.023087514967885883,0.0022456970243416963,1.5675538848526263,1.5514288341902056,4.741132033850417,0.007628379654008895,0.17100999976913187,0.18189403780555338,0.14891429445664034,0.013729213820399601,0.020277029241395635,0.001063498828238152,1.5767712413790549,1.5592926086774872,4.774755731930774,0.006065426088751406,0.18828192700550186,,,,,,,,,,,,,,,,,,,,,,,,,,,,,,
42,1.0293868138449404e-05,1.3624274215997745,0.5629317097989053,0.1877262782991961,0.11373954649881969,nan,nan,nan,nan,nan,nan,5,0.037587700352273525,5.22748299080638,0.6626414735736911,0.6286081112399104,0.016874060775254888,0.023008226528894386,0.0025607948562758557,1.5647073249425185,1.548100702206977,4.725386125598131,0.007704178772282714,0.17233989100890443,0.18341518022821574,0.15189557531715348,0.0167260967686202,0.02013949308040561,0.0016366640573841147,1.568085347564669,1.549435319036245,4.728772112906565,0.0058717731791969015,0.18631637342373847,,,,,,,,,,,,,,,,,,,,,,,,,,,,,,
43,9.942163422879471e-06,1.3587150718727292,0.5618392598372199,0.18704538117942587,0.11276731653269774,nan,nan,nan,nan,nan,nan,5,0.03734547414870688,5.229908970783454,0.6608615329392189,0.6272681696397026,0.01686024770150411,0.022962678982690336,0.002565890655604989,1.5641350789946729,1.5478190476387979,4.72411167299585,0.007614846735913726,0.17185748171410212,0.18285764034380797,0.15030689575081022,0.016239890157019005,0.01979472183026425,0.0010148085221476219,1.5758366042756338,1.5565711747226263,4.762741937860211,0.006049492155503838,0.1883039354537738,,,,,,,,,,,,,,,,,,,,,,,,,,,,,,
44,9.592089814637932e-06,1.3595359904303803,0.5618377518238221,0.18846791699312634,0.11416168224668963,nan,nan,nan,nan,nan,nan,5,0.037448349600020754,5.231865733729724,0.6612307025655171,0.6272113881160499,0.017018197004839173,0.02302509625536701,0.002402241253094787,1.5653126739895589,1.5487037010209674,4.7284054219642,0.0076201775363839794,0.17216524723993273,0.18421600819132838,0.1521385727107488,0.016298584578652128,0.020015004115936295,0.0017116905937176003,1.5677731306262346,1.5481755966223711,4.723571986239138,0.0059807080468170515,0.18660543110117744,,,,,,,,,,,,,,,,,,,,,,,,,,,,,,
45,9.244187101854855e-06,1.3548155992010178,0.5609262674200161,0.18758312904507263,0.11348568912907595,0.03590875110133813,0.020350391150470895,0.19534592801469425,0.11814245378939021,0.3920703403144719,0.20267686240215332,5,0.03735809220807077,5.244240107751255,0.6589365324908367,0.625086380409297,0.01681850195070156,0.02296940899763503,0.0025683103533063723,1.563586650928411,1.5472113124142721,4.721272468089817,0.0076359123123356945,0.17203916855795054,0.183320048310771,0.1511221473229889,0.016514652191854842,0.020153027319882128,0.0014626265727981968,1.5701758664578687,1.5502343664331373,4.73290459205186,0.006013957619105016,0.18806561854353646,0.03178598168544137,0.024033784009924935,0.02080678233309664,0.042994317874741145,0.006629415384835568,1.5717716790114198,1.5686321274682962,4.816034869717357,0.0008179477891520196,0.16347792777517178,0.19107729459939055,0.1575716093825988,0.01628703618673922,0.019015339796364467,0.0011941682486862845,1.5700960135484576,1.5493144221346316,4.72874779933976,0.006273756655855742,0.18929499983676495,0.38646782552221837,0.32794769036051286,0.013050668965743749,0.027687313652528633,0.0017716953451656114,1.5666290413234032,1.5318023036185178,4.65724351865373,0.009460583541364361,0.2255423953380195
46,8.89899172529686e-06,1.3575402493949429,0.5609373001409181,0.18706415749649266,0.11331178396470214,nan,nan,nan,nan,nan,nan,5,0.03743474628967057,5.244617288371002,0.660226465879572,0.6264971102515668,0.017096305712986273,0.022852910238135175,0.0025405326099300274,1.5633635657166105,1.5468041059675173,4.719308714188892,0.007573522922348484,0.17197238267440146,0.18288170332339956,0.15119601707016575,0.01605051719059474,0.019761171495095542,0.001306103082648166,1.5719169927133834,1.552328756818132,4.742614343828582,0.005942482876960853,0.18671971006411223,,,,,,,,,,,,,,,,,,,,,,,,,,,,,,
47,8.557035951214338e-06,1.3561552047474066,0.5613990539443401,0.18723337078957905,0.1139064771695045,nan,nan,nan,nan,nan,nan,5,0.03729721202865346,5.247273498245464,0.6595836633246616,0.6261772316431392,0.01701820472346269,0.022858048044799836,0.0025312151152565017,1.563078367241374,1.5469098525952356,4.71974296596338,0.007507711236849581,0.17128831536828784,0.18323048212498477,0.15166265617130087,0.01483342258075668,0.020086097857809286,0.0012077586841417233,1.5728118664794093,1.5532289491795048,4.7466283401946265,0.005929194520185484,0.18735946915587182,,,,,,,,,,,,,,,,,,,,,,,,,,,,,,
48,8.218847050625482e-06,1.3555299184076703,0.5600502635941363,0.1827388100570103,0.11124344634447038,nan,nan,nan,nan,nan,nan,5,0.03725700859219978,5.249255036796463,0.6594411436877923,0.625264574938306,0.01604784194655097,0.022968749770421477,0.002401114632943973,1.5649187751226843,1.548351284786177,4.726523478100419,0.007649428246206096,0.1734037392959101,0.17846737360817627,0.1477401871486115,0.01673797519267063,0.020064563677627392,0.0016538529177575138,1.5681026461445184,1.5497178642735991,4.729458387955274,0.005681724726113938,0.1863982506289731,,,,,,,,,,,,,,,,,,,,,,,,,,,,,,
49,7.884946486302573e-06,1.3566933835273554,0.5599296449576335,0.19036210834527031,0.11481855468360602,nan,nan,nan,nan,nan,nan,5,0.037120301645435255,5.259474327695056,0.6599586653817915,0.6264671580343928,0.01660243980744851,0.022960104372829273,0.002466280631584739,1.5644164470565185,1.548162293039604,4.725586969689502,0.007514873293361611,0.1724880899504613,0.186250608890326,0.15355241595896793,0.015366660162023345,0.020097937983353877,0.0013999284517830658,1.570571575057302,1.5491871072829309,4.7287040932757956,0.006133434440120989,0.18995435148501935,,,,,,,,,,,,,,,,,,,,,,,,,,,,,,
50,7.555849108714201e-06,1.3544797151049852,0.5600296922650337,0.18974707297483376,0.11638761048731698,0.03584496891340023,0.020384916392583156,0.19760868087710123,0.12118774255125006,0.39498662757386477,0.20713158415094793,5,0.037146472689262224,5.257763754199209,0.6588695734599717,0.6251546269227599,0.016565884798249976,0.0228595469425944,0.002372751416778576,1.563867675860487,1.5475732389260188,4.722798094250376,0.007526890021867558,0.1723666781144469,0.1855539914249764,0.15504669120176115,0.015715628709434444,0.019959333245602687,0.0017135556375381486,1.5657904616998024,1.5451659257123531,4.709384951664015,0.0058412995332976355,0.1843689785233524,0.0320388444131994,0.02407647549097421,0.019391872032264626,0.04284930560939111,0.004561727052823224,1.5823479320809994,1.579308679241543,4.86667900898767,0.0008353320821914209,0.1631027601065534,0.19339766725586255,0.16168602732922616,0.015519203617837249,0.018818256828638615,0.0015618191778815395,1.5649626366856724,1.5434588474004418,4.701520521661012,0.006091598256106913,0.18543229342185547,0.3893777205714766,0.3337615783987003,0.012639747707326237,0.02729516746531226,0.002047396297813123,1.5622773420345937,1.5267724239334,4.63404222530112,0.009168544921923791,0.21835766517246494
51,7.232062362163159e-06,1.353842403219569,0.5597484925768235,0.18657446174418604,0.11345107208394793,nan,nan,nan,nan,nan,nan,5,0.03720730333522844,5.261239835670352,0.6585126188114354,0.6252294745866431,0.016733637841200907,0.02286017024766971,0.0023163519910009236,1.5649066065122412,1.5488834432357717,4.728768574495197,0.007447264899004372,0.17158767278788367,0.18258330376940485,0.15089399867265266,0.014798091087182642,0.020164164044678263,0.001217245835694644,1.572072157938201,1.5519193390686175,4.739882880385902,0.0059564763485630825,0.1885744100470626,,,,,,,,,,,,,,,,,,,,,,,,,,,,,,
52,6.914085502344088e-06,1.3524307313412538,0.5584605584158905,0.18492048482955012,0.11321597851624025,nan,nan,nan,nan,nan,nan,5,0.037204240268936935,5.257645120666577,0.6578989071725176,0.6237983147136849,0.016241155182321252,0.022912061653550572,0.0022425006781369074,1.5654152513883428,1.548858833279424,4.728868468761947,0.007608911202223205,0.17351387204360935,0.18067337955632765,0.15022664817418568,0.016549736501127982,0.019925384853271357,0.001262485527920336,1.5708544631376633,1.5509793743086224,4.735422518732485,0.005750608750722921,0.1865939995675941,,,,,,,,,,,,,,,,,,,,,,,,,,,,,,
53,6.602408826527413e-06,1.3516543625668578,0.5594265601283778,0.18611859981895565,0.11328243743639096,nan,nan,nan,nan,nan,nan,5,0.03734267742119478,5.266582356681576,0.6573941082939968,0.624191102695384,0.016774202103361197,0.022952327701700387,0.0021969774548818797,1.5657401458973235,1.5495058467526357,4.731593472192408,0.00740719062004967,0.17226505100109096,0.18203816006765178,0.1507972341453815,0.015495077795032855,0.01993242023935498,0.00097762684633364,1.5753299954025635,1.5553015260308365,4.755793570658098,0.005888972940517849,0.1884289883807948,,,,,,,,,,,,,,,,,,,,,,,,,,,,,,
54,6.29751291755647e-06,1.3517870856695315,0.5594433354169124,0.18711359281310597,0.11367083091589066,nan,nan,nan,nan,nan,nan,5,0.03708990441909297,5.256699498811392,0.6575829992969355,0.6245150894778131,0.016392178283083834,0.022847921404953172,0.0021122627481244445,1.5660209321026197,1.5497664407705851,4.732737959448201,0.007437356180134468,0.17216596158465725,0.18303289419112917,0.151418809541066,0.015354217924578263,0.01998523011803223,0.001270503470005723,1.5700996895597665,1.549945253626763,4.73075664398454,0.005944798304473304,0.18848035921155776,,,,,,,,,,,,,,,,,,,,,,,,,,,,,,
55,5.9998679028235885e-06,1.3479654997111974,0.5573582523591671,0.185631918588347,0.11355056084799774,0.0357776053629228,0.02031959037155166,0.19329683821632165,0.1182121072853606,0.3871256281400547,0.20174180802669034,5,0.03702117326425537,5.263869473742139,0.6556794869058847,0.6220305984101273,0.016581695684715302,0.022888480131135758,0.002230512210783859,1.563937695675329,1.547558937607841,4.722560566692187,0.007495999489971962,0.17290611936471173,0.1814950440724256,0.1507345655310268,0.015803837937469752,0.01998758852379246,0.0011815509252354334,1.5715630445262634,1.5515131587861195,4.737779894054762,0.005795555232301621,0.1881340206696097,0.03186519086666296,0.024000857895056276,0.01977106405711648,0.04271818936623739,0.005591278593369172,1.5742373118364053,1.5713655101663206,4.828873770490143,0.0008115091595189158,0.1623059399908706,0.18915028572637727,0.15716148098848592,0.015592066074274843,0.018854150571942306,0.0009517286174895907,1.5714293778468253,1.5505206042119766,4.733225501239534,0.006044759584189424,0.1894254425652302,0.38161827035172174,0.3252946995815053,0.0127605458725806,0.027403753343286267,0.001325916155523667,1.5695706552746416,1.5354805233804052,4.672075984701289,0.009091253115788452,0.22361010047424235
56,5.709932729367752e-06,1.3503486644237686,0.5571371605098562,0.18581263252011931,0.1140566462871234,nan,nan,nan,nan,nan,nan,5,0.037034648468181004,5.252495609939129,0.656924326562447,0.6228156701360579,0.01614221743231675,0.022939274202364895,0.002249270912137068,1.5645901208363264,1.5479758092002966,4.724700836308535,0.007567851831556904,0.1741323484178421,0.18161597587211178,0.15134398848718164,0.016025162520532134,0.01980951270689753,0.0016269529510668638,1.566619144497876,1.5463516304244336,4.7139805672948984,0.005724640633772497,0.18650859502985498,,,,,,,,,,,,,,,,,,,,,,,,,,,,,,
57,5.428154456211505e-06,1.3488065000337923,0.5573445467111579,0.1855427290539353,0.11293615409183913,nan,nan,nan,nan,nan,nan,5,0.03704249727001777,5.264482199007384,0.6561081661740901,0.622406076930511,0.016424249235160688,0.02281516370075692,0.002372089922504365,1.5632413921241535,1.546840904317205,4.719206218433742,0.007475846160540841,0.1731602411724136,0.1815493066989282,0.15002031384103123,0.014864978238352276,0.019650909475795064,0.0013392713229968013,1.5688498947093057,1.548492240395793,4.723886006849339,0.005896450129408598,0.18901396885975022,,,,,,,,,,,,,,,,,,,,,,,,,,,,,,
58,5.154967565028356e-06,1.3491222719105347,0.5575087964500456,0.1860964776522233,0.11382535495918368,nan,nan,nan,nan,nan,nan,5,0.037038045207042035,5.259244146480712,0.6562793219467266,0.6220660383398633,0.01645935221508895,0.0227598390604038,0.0021027019622304587,1.5645016103722484,1.5477751028577542,4.72364380365497,0.007525019146730332,0.17416704871825753,0.1818957434881327,0.15096754987364205,0.016180982226084786,0.019762580464330187,0.0013257090258072173,1.5689082087411135,1.547858465747085,4.721106376433245,0.005829130885528362,0.1884037467566457,,,,,,,,,,,,,,,,,,,,,,,,,,,,,,
59,4.890793290203533e-06,1.3480264945828706,0.5576984031857996,0.1863124158414471,0.11363799621417682,nan,nan,nan,nan,nan,nan,5,0.03702059047066895,5.262325358971534,0.6556877291823274,0.6221305455665465,0.01669590982117195,0.02279261478790962,0.002335101393524788,1.563650908196404,1.5472780841736267,4.721134731285159,0.007419104439373657,0.17333183139102154,0.18222091969909104,0.15103276576372232,0.015477368532587542,0.019753656931946487,0.001240526444411061,1.5708225199042816,1.55007243905053,4.731230512536615,0.00585960342273139,0.1894516717981509,,,,,,,,,,,,,,,,,,,,,,,,,,,,,,
60,4.636038969321079e-06,1.3470823645367973,0.5569235275483122,0.1848714707590447,0.11274679482207618,0.03596670035434001,0.020292994011478056,0.19249007178868005,0.11736950195469834,0.3830450397633834,0.19953640530545358,5,0.037079188839819796,5.266635483990288,0.6552034250339507,0.6215610113416278,0.016699288519580077,0.022677860348235518,0.0024137015917829715,1.562563202695942,1.5459941990622945,4.715162161591529,0.007431344075224864,0.1737062676514185,0.180846442349427,0.1498368258992589,0.01510607387888433,0.01966928650202521,0.0012811422404130765,1.569247801303793,1.549042188856744,4.725974478354394,0.005816896631556376,0.1887807307751283,0.031881354981001996,0.024206932961533614,0.020730506514702814,0.0430458365314756,0.006064833896097757,1.5698522815198983,1.5669513336942449,4.807858442741999,0.0008233493633475366,0.16174695981977594,0.18846960403686772,0.15620379814164434,0.014811939810931103,0.018503111127954455,0.0010321390638201903,1.5692176347982068,1.5481467774886075,4.72188050761822,0.006066574691905661,0.19013241578619122,0.3776493877935643,0.3213035423405615,0.012264451480423301,0.026988897118098425,0.0014614449028849416,1.5676848687056826,1.5332633448305653,4.661667559133504,0.00908989848841291,0.2231976073404093
61,4.391097415078835e-06,1.3476561367842643,0.5570544030568761,0.18806598743154862,0.11483936052140738,nan,nan,nan,nan,nan,nan,5,0.037023858386119886,5.260961820625334,0.6555560615673353,0.6220085634506398,0.01638995112035853,0.022631438785278592,0.0022229041546565544,1.563106348033194,1.5467716890888088,4.718653039048264,0.007449498678970227,0.17320329322780997,0.18404976387832755,0.15297070981987929,0.014789241821661749,0.01949832441080703,0.001462936912965313,1.5665864415761501,1.5451343069844923,4.708560912619041,0.005916856844452223,0.18858723323432913,,,,,,,,,,,,,,,,,,,,,,,,,,,,,,
62,4.156346309599727e-06,1.3441195302116271,0.5561050482757725,0.1850229286105905,0.1126515976660079,nan,nan,nan,nan,nan,nan,5,0.037022886850263,5.267382755511578,0.6537854174214373,0.6197876840605295,0.01654231381788919,0.022670921011675362,0.0022539052856524367,1.563277602975741,1.5465664619189596,4.7179006447203555,0.007506511138948637,0.17457738165326378,0.18092729821073394,0.14958618327100895,0.015522940805329897,0.01986545273688735,0.0014534603941453552,1.568195183884557,1.547540486387334,4.718977855869214,0.005835894888110658,0.19039115282510088,,,,,,,,,,,,,,,,,,,,,,,,,,,,,,
63,3.9321476220733e-06,1.347022853329083,0.5569798961605942,0.18533314970995848,0.11349119086285352,nan,nan,nan,nan,nan,nan,5,0.036980364675085114,5.270084993219675,0.6552168584990433,0.6217323537920662,0.016616383397899163,0.02264026169843048,0.0022657953328734976,1.5632836943358033,1.5467247639446464,4.718430791160791,0.007414589494016025,0.17380832066701596,0.181166265147926,0.1505381318196199,0.016005111749546216,0.01966579417956769,0.0012815581693888566,1.5693194169574964,1.548391485557111,4.723033324827834,0.00577416217303136,0.18876362558153867,,,,,,,,,,,,,,,,,,,,,,,,,,,,,,
64,3.718847050625479e-06,1.345221228430059,0.5556860711088547,0.1861522641988942,0.11410265535715762,nan,nan,nan,nan,nan,nan,5,0.037037879004829764,5.274747537806431,0.6543390184835357,0.620085579995931,0.01646321568332722,0.022732975126648913,0.002289287702160416,1.563120790692005,1.5464117948514744,4.7170421451214875,0.007515932695672753,0.174933535865245,0.18203933242099957,0.1515398589383968,0.015512234322807732,0.01959759291997342,0.0014944406300764063,1.5665682191408161,1.5456000837191306,4.709936522223916,0.005748376480558019,0.1880230024317001,,,,,,,,,,,,,,,,,,,,,,,,,,,,,,
65,3.516773489277099e-06,1.3449329114797897,0.5552326074949474,0.1863434211345148,0.11462598908066338,0.03553592813259276,0.02022615129591157,0.1940586851881148,0.1193459771742265,0.38909560624832146,0.20359873795784594,5,0.03699768018012274,5.274890955936497,0.654200580144405,0.6199967550763594,0.01651451841478174,0.022709741980210398,0.0022443143911432626,1.5638315761838613,1.5470830102781816,4.720322611409138,0.007507564300051141,0.17483561299772601,0.18220285959392346,0.1519637007045118,0.015718366403037094,0.019461723238284757,0.0013710307623677736,1.567660618642674,1.5468890414694034,4.7158105801234536,0.005720244590837838,0.18798129801197866,0.031680229989743534,0.023837676267246605,0.019629896454138308,0.04242461013484879,0.004971808024300977,1.5751977302055382,1.5723582079582792,4.833362435613501,0.000811917017777112,0.16146990275116496,0.18990555938258474,0.15845547786930583,0.015508825950882828,0.01831636428624034,0.0011816795428054683,1.5672837193820126,1.545615537744505,4.709932735409951,0.005965659808058271,0.18930686317117434,0.3835331354080696,0.3282974631091602,0.012941134089359901,0.026619552891771668,0.00144277586715025,1.5669273348647628,1.532213818356384,4.65604137239002,0.008928771271557796,0.2221482496302928
66,3.326238520813174e-06,1.3451047089342159,0.5556725097705495,0.1846177401928054,0.11285938030682506,nan,nan,nan,nan,nan,nan,5,0.03694981595702884,5.273562855516728,0.654379614288137,0.6198702106812064,0.016040748386030056,0.022515295005855657,0.002106383414568308,1.5643463182737276,1.5474032495653485,4.721854142636153,0.0075679525095367585,0.17555567065959,0.18067128007538227,0.1497145489583959,0.014594523299284696,0.01940720318668207,0.0013212849397942887,1.5681829930949864,1.547719445669547,4.719565077659276,0.005778557137384849,0.18954225671442226,,,,,,,,,,,,,,,,,,,,,,,,,,,,,,
67,3.1475359363448303e-06,1.3456977064726918,0.5562424499918494,0.18492840645939584,0.11328089290870005,nan,nan,nan,nan,nan,nan,5,0.036990009378806595,5.2765767688576775,0.6545688621568865,0.6210425206461321,0.01655896404534482,0.022550861312312334,0.002254098682294438,1.5621823637021282,1.5457473941793876,4.71386966965984,0.007382191612769136,0.17372732438001215,0.1809190344317144,0.150168918449808,0.014998191223315934,0.019590094924372817,0.001241057867799912,1.569136164308498,1.5480840973797145,4.721605884481386,0.005793932085629076,0.18927606067332947,,,,,,,,,,,,,,,,,,,,,,,,,,,,,,
68,2.9809412823046923e-06,1.3443208902526205,0.5553618092330178,0.18516302491761108,0.1135562005177108,nan,nan,nan,nan,nan,nan,5,0.03696623072811526,5.2760650143198164,0.6539473538321988,0.6197053054189394,0.016268741725965874,0.022590208354981718,0.0021651723599239317,1.5632645547805317,1.5465602721288794,4.7176755269607735,0.0074907415212721925,0.17496127289352548,0.18102922643856426,0.15041633298421248,0.01582919230744106,0.019687831194964135,0.0011675638277348572,1.5701930123429926,1.5490457580085597,4.72585854597594,0.005755831945288275,0.1896916486547974,,,,,,,,,,,,,,,,,,,,,,,,,,,,,,
69,2.8267114355742698e-06,1.341970806375965,0.5554709659047214,0.1849848117179487,0.11317607340106212,nan,nan,nan,nan,nan,nan,5,0.036900234580052246,5.277564886452392,0.6527493160569311,0.6192078654117784,0.0165843464774111,0.022513608584339803,0.0021233307062209017,1.5632253739127144,1.5466996125387622,4.718275124505527,0.007384018983223429,0.1741360360133205,0.1809525831085449,0.1501044152475701,0.015166479159146585,0.019542647217549832,0.0012157234476254796,1.5693429911718626,1.5482352811202502,4.72216128550293,0.005808190538059069,0.18955920117088065,,,,,,,,,,,,,,,,,,,,,,,,,,,,,,
70,2.685084207398421e-06,1.3421881446008306,0.5550402859305112,0.1857070135203481,0.11433266837318513,0.03568197306291061,0.020367840195008747,0.19338263520935856,0.11903093419332135,0.38611537117337924,0.20207236118431385,5,0.036809657786521774,5.281122443719122,0.6529122341798296,0.6189055548532401,0.01637134485502307,0.02254730871799593,0.002183945403721477,1.5631379500313416,1.546387368360042,4.716877762111125,0.007441192137287112,0.17465305243956977,0.18159765433738012,0.15143337696875886,0.015535322232958346,0.019397579767499545,0.0014150319653078633,1.5667903055565513,1.5452985035349793,4.708394538220317,0.005734360693242837,0.18842822074683915,0.031806546511351015,0.02399426200447357,0.01956275868038908,0.042306490558641247,0.005560090016838548,1.5714847949740063,1.5686947828196907,4.81603976048142,0.0008057689907020018,0.1611230644145088,0.18926317562328512,0.1578927195633551,0.015320652264996027,0.018254507118730015,0.0011977936803779477,1.5665555595349783,1.544128646303768,4.703012081798474,0.0059807903368332156,0.18979347681991804,0.38060662079639457,0.3250681626558338,0.012781440549283693,0.026587365399346714,0.0014995394672926742,1.56643380928067,1.5306326940649277,4.649560062889743,0.008930169595192425,0.22254184832968757
71,2.5562779766976436e-06,1.3422243733317534,0.5546926983464004,0.1857175668621755,0.11324864641920183,nan,nan,nan,nan,nan,nan,5,0.03695151041066282,5.288473039949141,0.6528866768905007,0.6190708807466722,0.016343020102324156,0.02257635941602275,0.0023942536049219444,1.5614955280735319,1.5446973699772,4.708969535992967,0.0074358899586281215,0.17505344761677338,0.181596124361657,0.15035088761567697,0.015710289330389055,0.01960055696470386,0.0013076841155447378,1.569296879314382,1.5475153604221996,4.718902483746092,0.005863421548333746,0.19206967027790425,,,,,,,,,,,,,,,,,,,,,,,,,,,,,,
72,2.440491353343619e-06,1.3411569421256289,0.5540603668986656,0.18480639122803624,0.11253528281312063,nan,nan,nan,nan,nan,nan,5,0.036911321462215166,5.286762444765252,0.6523600987603922,0.6182107034292801,0.016423834393775483,0.02259937523341606,0.0023774372208510653,1.5620710104317332,1.545065549482337,4.710898089336891,0.0074786431721094995,0.17572186206267346,0.18074758031114072,0.14949644825584926,0.015372041016037159,0.01967220958016592,0.0012263651658724407,1.570310160199814,1.5493645979282231,4.727160304509521,0.005830559310311083,0.1919744452532819,,,,,,,,,,,,,,,,,,,,,,,,,,,,,,
73,2.3379028719171758e-06,1.3435617110845595,0.5544307106664874,0.18394922784094006,0.11176057994269338,nan,nan,nan,nan,nan,nan,5,0.03697018591933654,5.285094330138842,0.653542611994732,0.6197905715802958,0.01640234216473443,0.022519778173618415,0.002244814382904204,1.5631625279675356,1.5464395335136407,4.717090987988614,0.007404786823158014,0.175111223036518,0.17998032391719357,0.14856924581683226,0.014837349601030982,0.019518378996002794,0.0012484873983768842,1.569426405171683,1.5485274644031073,4.723276882865564,0.0058745730608452595,0.19214118195422467,,,,,,,,,,,,,,,,,,,,,,,,,,,,,,
74,2.2486707164209112e-06,1.3411058298616427,0.5539962717080947,0.18500484097930575,0.1135476252823609,nan,nan,nan,nan,nan,nan,5,0.03689187514546764,5.28546620056594,0.6523899714823657,0.6182675867589092,0.01613976106871698,0.022535685247417003,0.0022195028654430843,1.5635052387709931,1.5466612730324905,4.718210170155084,0.007483523624124554,0.1758462367166631,0.18089071099958445,0.1505102899387445,0.01566124805419701,0.019350024989416174,0.0013267971565630319,1.5686344344008838,1.5473858889966512,4.718026771369248,0.00573386485466957,0.1900417330943609,,,,,,,,,,,,,,,,,,,,,,,,,,,,,,
75,2.1729324763709264e-06,1.3407045225563963,0.5548067521816955,0.18600675825962779,0.11389128453476188,0.035666873893939396,0.02020555857042303,0.19369301216754328,0.11857556388729035,0.38758494162273105,0.20161531301899413,5,0.03683104398521789,5.285043009464681,0.6521387265803723,0.618572752014894,0.01657128734898461,0.022463997625768468,0.0021943886768144814,1.5636910518304585,1.5469975479328257,4.719611685921332,0.007390310754675865,0.17494259793340547,0.18191153384412656,0.15109756192740723,0.015506051642169614,0.019358310991319343,0.0012951633903372723,1.5697141916790331,1.547869497683377,4.720679547064273,0.005826715009867159,0.1908514729193979,0.03165451513915248,0.02397398377607338,0.020547794473236625,0.042522733311547274,0.005304447944721165,1.5728226707974124,1.570072663119061,4.822599301982731,0.0007979572334896856,0.1603224612804852,0.18959526694751236,0.15753224279724573,0.015241163433842705,0.01820257714239152,0.001084477587554259,1.569558842808434,1.5467594102529036,4.715583907427242,0.006078153495636139,0.192377905846259,0.3821170168580846,0.32548174936039775,0.012530008047163152,0.02656271048302857,0.0013597102280678835,1.5691220215491606,1.5330240708978,4.660940133861596,0.009090639544438414,0.2260341414113368
76,2.1108049346437612e-06,1.3399492068071719,0.5536412947354764,0.18464519065636317,0.11281420578931435,nan,nan,nan,nan,nan,nan,5,0.03690285024947765,5.280143169736845,0.6518483714407702,0.617767598543546,0.015900419483974113,0.02249278571576501,0.0022569015474965225,1.5641353581939053,1.5473691757373609,4.721543407488316,0.0075014092004029856,0.17569379968025753,0.18063767622519986,0.14987662598815174,0.015027985053322547,0.019343292159440948,0.0012223541815165426,1.5706534215107206,1.5496321632492398,4.728573739362153,0.005787022624870506,0.19061528203268274,,,,,,,,,,,,,,,,,,,,,,,,,,,,,,
77,2.0623838874056636e-06,1.3415146997272527,0.5542945489173252,0.1843707535332056,0.1137439924219992,nan,nan,nan,nan,nan,nan,5,0.03688089352384056,5.281728037169324,0.6525823790073568,0.6189460492703632,0.01620461557794667,0.022397840861070294,0.002212459522192568,1.5636520845488984,1.547144676834245,4.720286142737103,0.007390483179118718,0.1748573609107373,0.1801461121717332,0.15038762258340432,0.01640944258836366,0.019331518652440857,0.0013206861106344378,1.5690551330879419,1.5477444903548405,4.719728666383508,0.0056465852591582695,0.1888343000699638,,,,,,,,,,,,,,,,,,,,,,,,,,,,,,
78,2.0277439964018485e-06,1.3424775744517181,0.554782766020942,0.1849030420656062,0.11373132394875497,nan,nan,nan,nan,nan,nan,5,0.036895875152944145,5.279340987543555,0.6530047513243549,0.6196099822309881,0.01652025561454682,0.02243792067444009,0.002230982427945304,1.563457655067358,1.5469778003418877,4.719467131071061,0.007341010026054643,0.17452233003274192,0.1808557104138928,0.15076670708831663,0.015229618709721936,0.01931015901508633,0.0012423973210019586,1.5698852470369484,1.5487385122221717,4.724300839044106,0.005705662477651934,0.18961898087274281,,,,,,,,,,,,,,,,,,,,,,,,,,,,,,
79,2.0069386738334938e-06,1.3426437798681705,0.5542027463192534,0.18487031366703816,0.11305077808920713,nan,nan,nan,nan,nan,nan,5,0.036943931173257026,5.28467286080717,0.6531301922306217,0.6190660258899606,0.016163088531729587,0.022420326841734266,0.0023277980444531264,1.562614899253585,1.5457919201889692,4.714019585285674,0.007451710971143314,0.17562935317359962,0.18082843136146898,0.15007136891391037,0.015173111727716772,0.01925426761118765,0.0014531886833642567,1.567674063010676,1.5462362799923801,4.712750710367615,0.005797254021648946,0.19085519131477893,,,,,,,,,,,,,,,,,,,,,,,,,,,,,,
80,2e-06,1.3401454854681556,0.5532219785409195,0.18576200569775012,0.11337262430973243,0.035626129760699746,0.020156400692920042,0.19343120110266895,0.11803342955967724,0.3868181652824513,0.20070423563981704,5,0.036878425794053316,5.282521360365472,0.6519193755600127,0.6179139053522968,0.016104531802921977,0.02239536852567139,0.0022997747245020184,1.5631309926346786,1.5462908785363625,4.716465951232344,0.00745608124132805,0.17576298333206614,0.1817072425237857,0.15056823281818818,0.015242276422267352,0.019401700700506095,0.0013744596726831075,1.5688946540109558,1.5468884835481664,4.716103672575402,0.0058670445227635894,0.19191235081575334,0.031643306199153544,0.02395908349179945,0.020347640337586355,0.042237648837649286,0.005374211312625022,1.5723162587200774,1.5696249495281045,4.8204753487235,0.0007942659642882422,0.15976918154721723,0.18937451861642995,0.15697247239329803,0.014974018852749835,0.018261986354482,0.0011646984807921015,1.5687236158262003,1.5457517007299892,4.710885322632392,0.006120681907087904,0.19351950954426103,0.3813874141258604,0.3241941724650518,0.012327216011317295,0.026658865534612695,0.001463119968533577,1.568665953698458,1.5322782078366917,4.657630427177647,0.009167061383881393,0.22706739990346947
