x_tar,y_tar
1.3378678560256958,-8.008946418762207
1.7953118364280314,-6.726442834646086
2.286506463238859,-5.4401295832874075
2.8310286790510597,-4.139012702791827
3.445071622471864,-2.8314571160800783
4.16449080042381,-1.5306223980543268
5.035093227318434,-0.23699159650312618
6.115700460749188,1.0249029338468094
7.446194293277933,2.193637468008665
9.026782943023616,3.1894563966559555
10.846821639287516,3.949491978659497
12.864198157198771,4.434300666914728
15.017328617948678,4.617607034266885
17.254239292716917,4.4820119398172995
19.5274175281551,4.016064587662078
21.794969481257468,3.220124761440322
24.0164183340832,2.095575938625883
26.164832980967677,0.6536783370186388
28.198082256786957,-1.1018789486147986
30.077379428720533,-3.15190181727567
31.756150479362283,-5.475552270106563
33.2045934070264,-8.04362172902686
34.402492011314656,-10.835270585909774
35.32600479002379,-13.823714596166555
35.95430824093171,-16.97754759830474
36.26891510159789,-20.262684882048273
36.255050397878826,-23.641245458882416
35.905023804318304,-27.07845995052282
35.21285295015979,-30.538524949591835
34.17811037041977,-33.98612900729842
34.17811037041977,-33.98612900729842
NaN,NaN
1.337941288948059,-8.008918762207031
1.790211612128255,-6.725303004531744
2.239337615684925,-5.440552128034964
2.647249408456224,-4.150520291109569
2.9731519938375515,-2.851668272131108
3.196536733880975,-1.5290505661291016
3.28022200244816,-0.16947707539651424
3.1631096007977404,1.2135894477959464
2.790136214138352,2.5850139468537834
2.1203930966848947,3.886778354833532
1.1304106962679406,5.0257801314408175
-0.14259242501588698,5.91867544643649
-1.620821201645977,6.5104349820867276
-3.2227315650631407,6.773901118772406
-4.874467320937107,6.690108474077277
-6.501748621307247,6.256653287524175
-8.07530609907883,5.5044430655037
-9.55439335489851,4.441013553050558
-10.88459765582595,3.0883449055464256
-12.007947247607365,1.4748863219720292
-12.87969842561036,-0.357594808106537
-13.472191158891995,-2.369134387647907
-13.750357017786156,-4.507571261261628
-13.699481620703718,-6.719485189321887
-13.314216198052813,-8.962530511830817
-12.590029272684772,-11.181663136516296
-11.533982087307638,-13.319482516652297
-10.16130893901283,-15.33497593191782
-8.489245522101683,-17.190415757049266
-6.541864808348566,-18.84617113160097
-6.541864808348566,-18.84617113160097
NaN,NaN
1.3378933668136597,-8.008992195129395
1.802423023481767,-6.746050837212857
2.3167652074038347,-5.549351969280904
2.8923971446403964,-4.456287299610796
3.515766840456082,-3.5027503526268164
4.160088563073927,-2.702657539352687
4.8123307532190704,-2.0525053484645395
5.4582321344295615,-1.5506599555502714
6.084650099127977,-1.1740646825899712
6.689213627314581,-0.8945351095063881
7.25228887669694,-0.6977707026300944
7.747719390571422,-0.5625062738313955
8.163617324664916,-0.4701015851309114
8.502566120914475,-0.40787766437986284
8.78477861391794,-0.3609989210799382
9.026368986931256,-0.3198433227741547
9.25195822516463,-0.27842220470344287
9.472269293803857,-0.2319429255316034
9.680375899967917,-0.1801828762833684
9.878565359247226,-0.12249085728789696
10.074262465032131,-0.05502704442140832
10.279129905455504,0.02892274668011778
10.503428162081576,0.13421520409196866
10.730126374661044,0.2518531885988029
10.935502910831131,0.3693393278322976
11.120018789585881,0.4829864325098199
11.285039593042361,0.5911119855540349
11.429748890417738,0.6939830796241307
11.541543315570248,0.782172189909219
11.616826551056143,0.8493190492858761
11.616826551056143,0.8493190492858761
NaN,NaN
1.3373024463653564,-8.00889778137207
1.7987819280539354,-6.738260101219042
2.3040169227490854,-5.485926454479692
2.8765837601047846,-4.241010957670591
3.531826033845382,-3.0288634780055324
4.263910138517677,-1.8629822848190234
5.065821924116924,-0.7575312877724503
5.924768752918125,0.27836302813474534
6.8318299657555706,1.2664126875737907
7.777842776663625,2.224038066931796
8.748184039130217,3.162761851731021
9.721699488413234,4.080591518639393
10.673324576008257,5.005993200275087
11.58058381786258,5.97063248858161
12.40281323880505,6.981653601628132
13.112180801721149,8.042794910314234
13.689076639513512,9.18086938732465
14.092450552963316,10.422631134213114
14.250021021413406,11.757450303037214
14.060656823142963,13.132890366080952
13.481234864528176,14.443994051966706
12.545267169245077,15.565455715402427
11.345668218422377,16.43558979473441
9.9428104124902,17.03058469282496
8.403497137690893,17.308122374972694
6.810650949620115,17.237742382582823
5.240877842986611,16.817054894295385
3.7613142659479,16.061680805134245
2.4300279608505453,14.998224617724649
1.310888600690732,13.662532910603137
1.310888600690732,13.662532910603137
NaN,NaN
1.3378260135650635,-8.008917808532715
1.8042473984727043,-6.7295974035786745
2.3253325287691027,-5.4794049008866885
2.9303083887753805,-4.285677291415835
3.6472110124446475,-3.166799434599312
4.481647021449258,-2.150935888034703
5.411732728502061,-1.2621027946250611
6.417582095907371,-0.5072913290850184
7.4754766335142415,0.11734527884927015
8.560437232788733,0.619345157002259
9.661426276586566,1.004903479982906
10.765753840688792,1.274088879060709
11.858265669103206,1.4268123873907386
12.935975265750157,1.4746357706583337
13.995345338623741,1.4318944992172946
15.035079276165577,1.3111736933238085
16.06582841861554,1.1277262794486984
17.07616224205711,0.896746737615252
18.030414774944703,0.6391891469742276
18.91477404412799,0.3875355958778722
19.74165577311689,0.16846891345311293
20.522415222440667,-0.003568598206234924
21.25476769306571,-0.11751976290323449
21.925813878563908,-0.17086287741618147
22.563562877188758,-0.16361471584671594
23.182204107777615,-0.0841763004488709
23.75235405754409,0.06830077733606224
24.26510704015642,0.2821338823362507
24.71395136701562,0.5381871184294469
25.08964859237169,0.8301506234938909
25.08964859237169,0.8301506234938909
NaN,NaN
1.3380032777786255,-8.008903503417969
1.7978769962407621,-6.7442711053224045
2.277525221796157,-5.534529408587229
2.748891908539921,-4.406783834290222
3.189037885705306,-3.3810478394124495
3.5952561143247492,-2.4576101718433954
3.9731112125028267,-1.629961249620277
4.323334525336044,-0.8910286327896297
4.641419693323458,-0.23325324615902177
4.925184556561279,0.3428032643268828
5.170409093956002,0.8369706328845673
5.377570117447269,1.2556680917115817
5.550388780691637,1.6058151468165645
5.687415423835463,1.8899377852659098
5.782681537750814,2.0972263803332063
5.841000085073535,2.2326671169437016
5.86847946573515,2.30151179252849
5.864120839927559,2.2836244426097227
5.843538723862142,2.202025526262451
5.824931208357251,2.1038270449303864
5.814155914197882,2.0045253337930076
5.809252153090978,1.9046546854007813
5.804527929090775,1.8047720144136827
5.797677847077756,1.705012590636598
5.791687916942202,1.6350016309123023
5.790825612345009,1.62493815061368
5.7958523191007,1.6789483895457729
5.80641341564843,1.8261923930721087
5.813544936696982,2.104260617712005
5.792324347940187,2.5297370724694463
5.792324347940187,2.5297370724694463
NaN,NaN
1.3377234935760498,-8.00888442993164
1.803446949237875,-6.735718211943153
2.3142685502529234,-5.48966736701012
2.8538634155581124,-4.278343373876684
3.391459872887057,-3.1182166146766224
3.896866431074576,-2.0333762443168446
4.3447710921127065,-1.0355619677745884
4.73147515148047,-0.12087365146823847
5.067455098812502,0.7065874207524817
5.358441410754512,1.437592528790122
5.6023301668171515,2.065508574970322
5.7978588814317185,2.5827932777479843
5.953859330281145,3.0015573918121814
6.076453798795986,3.3338651553682235
6.167440334210439,3.5820686695838906
6.229672412001423,3.755061723939894
6.269215008070451,3.8667385874868723
6.286487722588707,3.9150765845856768
6.274994107839206,3.8812944839155312
6.2460892377418205,3.7951781527434303
6.2154865264403005,3.699978898771425
6.185737671771958,3.604506528325699
6.155799981590723,3.50909371814811
6.125625468076969,3.415454499774458
6.09594597899343,3.3252602237901807
6.069690973350779,3.246230383419877
6.044882921335464,3.1725383404227556
6.016092595060708,3.0861618332333784
5.985227023228347,2.9910451493442265
5.959273873284144,2.910886669815758
5.959273873284144,2.910886669815758
NaN,NaN
1.3377985954284668,-8.008968353271484
1.7947359803781222,-6.7243471739821885
2.2706727307103742,-5.440041706520704
2.7675286997711344,-4.161241181700597
3.292980729081726,-2.9010146370746757
3.8491255193756237,-1.6831485134227633
4.449837618425302,-0.5255886939849239
5.107338917135779,0.5717601078902872
5.8154274204572864,1.6087168343495728
6.565583889242154,2.552805190157201
7.353100002190047,3.3661507591283226
8.179946829924813,4.019571728173466
9.02207731280785,4.482736544299026
9.830390041757608,4.753550863738136
10.558005334567126,4.84580437316197
11.174932735234215,4.8023695638467725
11.661257979318243,4.699749587470803
12.008223897946761,4.592693636495633
12.235971464671067,4.5058923175273975
12.377168164396315,4.445089966980386
12.462098041514917,4.405785463204124
12.529205833780674,4.373213260318088
12.59664859372051,4.339134973415058
12.659535835169443,4.306116849038231
12.72378693842967,4.271115759917065
12.80263944239815,4.226375617953226
12.909573096131501,4.162447753322694
13.064060353510255,4.063164663074537
13.276182144418984,3.9121455515245502
13.551610359005846,3.687603915536643
13.551610359005846,3.687603915536643
NaN,NaN
1.337926983833313,-8.008916854858398
1.8015051935787647,-6.7313227212474365
2.304868992317717,-5.461756491070647
2.8502861162198943,-4.193988819569026
3.43163849477143,-2.945957835804765
4.046284174801885,-1.7339000514501839
4.705362053604393,-0.5797734609315119
5.435091096912057,0.5169583410191143
6.267650724838158,1.5423570794706154
7.223087681967458,2.4570658323631784
8.320553196260104,3.244392695299344
9.562889766965698,3.8684279984642913
10.92445478443866,4.2878604511994505
12.363266940991915,4.442277632498716
13.823685894681319,4.294753034831471
15.271121858278676,3.8359243244155676
16.671323766217387,3.0639928104043515
17.948991372586306,1.9845570410686906
19.032783079615882,0.6230438341438227
19.90212614974079,-0.9745207093327275
20.50435327239628,-2.7679509144219505
20.78227087243979,-4.679843332773121
20.709806842449506,-6.630459244603564
20.28517689378492,-8.553622500800703
19.519115229735114,-10.38966949113627
18.43229580005166,-12.08713280983416
17.0529938488081,-13.595190542652382
15.416289986212995,-14.870479534810052
13.557231609546376,-15.88744659392971
11.51502616502833,-16.616917410513192
11.51502616502833,-16.616917410513192
NaN,NaN
1.3375688791275024,-8.008907318115234
1.8114770898910233,-6.734853619107215
2.36233654598228,-5.471736094647099
2.9922870594798674,-4.220140265616447
3.6842486966646772,-3.0078480855939715
4.417656983056496,-1.8383200877926142
5.158892880764558,-0.707233448861293
5.875374579265228,0.3906348177556471
6.570645402306729,1.4728847612360718
7.259125313475257,2.563158593734463
7.947117761716257,3.667872425729989
8.614478626206985,4.771069576813032
9.23694613247744,5.855068176285947
9.79781221808886,6.881076242626441
10.290870135950742,7.803399928714269
10.71534475498773,8.60077624912229
11.062259660289591,9.261330607379652
11.338243808681343,9.792623125314451
11.559049498485487,10.211663735243757
11.7343286945748,10.535032522320463
11.868717340335142,10.773798505663759
11.959720393463645,10.929638639350399
11.999101889389499,10.994823066010591
11.983108834151475,10.970601947264345
11.934466588247899,10.896810806135441
11.882043265123267,10.818081923952727
11.843164824300965,10.758878848492246
11.821685503856493,10.72506428462536
11.81280611041449,10.71080167842275
11.816969403011303,10.71817866903976
11.816969403011303,10.71817866903976
NaN,NaN
1.338005781173706,-8.008959770202637
1.8062789858835813,-6.726079736226963
2.3244336058221107,-5.45516303491154
2.8926979099871497,-4.204022217603855
3.5099185738180156,-2.970785217957864
4.19246816100396,-1.7365153717407558
4.966262298991731,-0.48497481146244525
5.849028894354616,0.7673580006314171
6.834011139155953,1.981027088604564
7.90335817260861,3.120832398040106
9.055662276050935,4.176922027934174
10.269330033133361,5.160650282281327
11.526692113863884,6.06180982650927
12.804205547355464,6.862286494122044
14.089906247609226,7.533381625115757
15.404843048048559,8.077729601267047
16.768983569420648,8.496674139007638
18.1801362219854,8.742974224814175
19.596620190650437,8.756429727364637
20.959846122447725,8.499840104864335
22.207205882991133,7.946933410680746
23.22175826645085,7.073166705835897
23.887990897615566,5.922629526569371
24.181654346089584,4.639350978682215
24.10982399064059,3.3491405046521896
23.697423805255433,2.1490088313026066
22.986013004411145,1.1143636306900195
22.025453331129473,0.30740541098022656
20.90453565368004,-0.20852980146362032
19.747195513346824,-0.41043792091053116
19.747195513346824,-0.41043792091053116
NaN,NaN
1.3380470275878906,-8.008933067321777
1.8091439765329755,-6.727029205652397
2.341921151487168,-5.451779872743135
2.9325704209908148,-4.192072210848148
3.567878772349624,-2.949283684678938
4.219983313412559,-1.7128273410618906
4.867984574163705,-0.4959958643941347
5.5141670239318294,0.6783230261283253
6.160516409737962,1.8113354426851784
6.796387828884161,2.9113615823226144
7.404789606980122,3.9969517473709573
7.962239037700303,5.095073776140998
8.435341318647847,6.219222211439359
8.777123819100009,7.375110046872442
8.9140425441241,8.560351569335912
8.75082961021402,9.74613555862621
8.209229898073213,10.846565333346332
7.330788083465989,11.75684236850682
6.203800930518829,12.412845794223362
4.889772919112998,12.756516027469504
3.4848695864993076,12.759947287033958
2.0919840499402906,12.409163624227393
0.8161845846616,11.711012694929801
-0.2600207292004231,10.70513241101571
-1.0966592055718474,9.447857390624396
-1.652752183560667,7.995983049535937
-1.892808609755648,6.4153682171736754
-1.8087621212065772,4.76405627008271
-1.391117640284288,3.104767859082524
-0.6437735235095908,1.5049605798864398
-0.6437735235095908,1.5049605798864398
NaN,NaN
1.337689757347107,-8.008929252624512
1.7965064799005908,-6.732254052578856
2.285235660107116,-5.473008124910207
2.822154359140363,-4.226013858007377
3.428584153091233,-2.995661851079074
4.1137968901268955,-1.805856584439289
4.883227369429201,-0.6905049384105428
5.7431909766981555,0.33712118758291565
6.690252034047519,1.2682016424647986
7.682656139106673,2.0859446883025683
8.681233073469276,2.766572648307163
9.65689356031178,3.2984279792649387
10.590335335358617,3.6816058378670498
11.452762955622216,3.922114774676642
12.219961046648882,4.0423041123647225
12.883136359288859,4.069751683805621
13.457869453683271,4.036315640441062
13.976721849788927,3.956447255238153
14.434324646048578,3.8369542235845193
14.810271966001908,3.6988618045713317
15.113134725359332,3.563951735984456
15.369366194178475,3.438211233291912
15.599091726275965,3.3185960228691114
15.814668603320149,3.2032626176438304
16.015102968335412,3.0960592907150266
16.200831522450272,2.9973993019008653
16.38230761274303,2.905233868440722
16.566407963245528,2.818836711304104
16.776823574865574,2.7280749228408325
17.023905534313744,2.629617492345664
17.023905534313744,2.629617492345664
NaN,NaN
1.3377238512039185,-8.008932113647461
1.799973601653344,-6.703578520606445
2.2998599665883157,-5.350735464582142
2.8523950541228182,-3.938739127988999
3.473384186075701,-2.4565351849442782
4.20044498978062,-0.9057001977067443
5.098944022287887,0.7042297874453314
6.25292967763314,2.304117247581702
7.725531629978872,3.7606584024649847
9.496218160955749,5.004966445822096
11.515132254794405,6.052865911961017
13.754183585734241,6.852366327551408
16.16941191882975,7.374132302932486
18.735664558173774,7.610767976750155
21.41460535825763,7.531808519441361
24.15345363993386,7.122759095594194
26.900062453380013,6.374101713794234
29.613289737029252,5.289657618773825
32.26501186175018,3.8746407184066043
34.82685503272043,2.1359231049123544
37.26505796672858,0.08276805960092348
39.53829357224481,-2.268826133931449
41.60929991555045,-4.895973142177333
43.4509296029106,-7.776149549540741
45.04262311772924,-10.888307253645216
46.36297985575959,-14.208755217149172
47.388758736407105,-17.706478040421562
48.10438405642196,-21.351194698021025
48.49353830635463,-25.109084562904208
48.54242436201558,-28.935950276393527
48.54242436201558,-28.935950276393527
NaN,NaN
1.3381845951080322,-8.008920669555664
1.801945448055092,-6.739972694114961
2.3133065999102036,-5.499429576514858
2.874410689099059,-4.286034618735794
3.471451262762725,-3.103928729512724
4.104486751678019,-1.965985375329173
4.793940961106381,-0.8779972534957043
5.588300844238169,0.1784089739449417
6.539579695122484,1.1932083429670708
7.686142023358813,2.1090483859635123
9.03603536815989,2.854087179000129
10.591966321840038,3.338578444511565
12.325291229632958,3.5154695272677956
14.15747625013229,3.384798745369952
16.040617199959584,2.943993745815968
17.898385846451742,2.169333530129636
19.657277835664974,1.073308992901535
21.264834253027058,-0.3240305520066533
22.675306058611675,-1.9956334413315835
23.85535228475428,-3.9107627108500997
24.77121266674252,-6.035297447889662
25.386573586407295,-8.321572867263487
25.676117434584288,-10.716338186231049
25.628080770033016,-13.172373207115013
25.23858061504732,-15.647220106141464
24.509047029893004,-18.10034502559823
23.44394649354667,-20.485016157564857
22.055905314097,-22.750684686821028
20.364082249239132,-24.852858597803177
18.395890517268565,-26.744565430167977
18.395890517268565,-26.744565430167977
NaN,NaN
1.337915062904358,-8.0089693069458
1.7978573092793677,-6.732915413118772
2.292380995819074,-5.457757278436533
2.803619853385232,-4.1753781997992405
3.2940695115603984,-2.8957504085117725
3.758919726904523,-1.6048720087113786
4.217819593157901,-0.2745347406475096
4.687994771228035,1.0931416944287369
5.166327773224702,2.4870727888156647
5.650897241770626,3.9160658003311637
6.13582059258682,5.3869457233385205
6.631313234388858,6.9229674242689185
7.1627338760062145,8.553178779131866
7.723947198707714,10.308220132308284
8.298150979253615,12.239560205123041
8.857072695857783,14.354799109313575
9.313259827294187,16.623076995333047
9.551447374397386,19.019485820484675
9.464741378643351,21.504979670000388
9.026329728769744,24.02231776066784
8.236103285924782,26.502323885682745
7.115933015360857,28.920595438008412
5.6698421721420385,31.247040362183203
3.912794822699066,33.43593598043349
1.867022698790198,35.43846296092953
-0.44245475011878854,37.225305568607055
-2.9970188840732304,38.77681523627016
-5.773795231364511,40.07307833042327
-8.752385417586943,41.10067883044996
-11.910132514057185,41.842393021272144
-11.910132514057185,41.842393021272144
NaN,NaN
1.3377560377120972,-8.008927345275879
1.7893547436483652,-6.745372333132743
2.239947108808765,-5.518035705817751
2.6581113349861027,-4.30772843202622
3.0237846572398235,-3.093739246874618
3.3060282819651428,-1.8660243003405277
3.4485574028107355,-0.617831324436938
3.3841942627586374,0.6488589340742486
3.0498251867054598,1.8768191784061548
2.4200858910391454,2.960363864225083
1.5010037656781923,3.7877643702850667
0.3740115179895085,4.30810219308761
-0.8569020790686406,4.513222241765176
-2.1016453629602267,4.384039368531182
-3.25292676770499,3.9367765867348004
-4.223038848183158,3.2258206108514456
-4.96202665827452,2.318640936016317
-5.440959339021413,1.2917723806544728
-5.656700377856968,0.2049231363710029
-5.611273572772439,-0.8974273907054591
-5.3073073833508975,-1.961779875828352
-4.7553455032523875,-2.9332377373659386
-3.9841177401470347,-3.7496105920199723
-3.0523293694260714,-4.352592227366459
-2.045204301491133,-4.7097759274039035
-1.0355601774922274,-4.828734774744456
-0.05946647622548684,-4.734049667023414
0.8561584120202697,-4.446313983923931
1.6613172631103479,-4.000569899327857
2.329665387699734,-3.4405099871218874
2.329665387699734,-3.4405099871218874
NaN,NaN
1.3378405570983887,-8.008932113647461
1.7993389723966609,-6.739301469097133
2.2940367008429123,-5.500153440421073
2.819712832042448,-4.2849667331188845
3.3753150108516548,-3.0883018125087123
3.952410987071328,-1.9173650412850183
4.5517325209884705,-0.7814850361904007
5.171304620029659,0.30914006635209934
5.807371637913218,1.3292569544926778
6.4698244725279155,2.2966648339405027
7.156338964215128,3.2497420025728916
7.8388603019472365,4.1838571962957705
8.49055539256553,5.114143796106478
9.100227273245752,6.061644850007472
9.665307835982338,7.047677082080966
10.174372713827537,8.09467683518259
10.607443696674736,9.20725565972836
10.944263622450551,10.370800031939687
11.17408295754071,11.563333440952473
11.286570792175876,12.774558206000952
11.26815429830491,13.995376239220537
11.114939444831581,15.217281066083373
10.830632193689663,16.41452422070696
10.427529362336088,17.570378631007937
9.934069101862123,18.670327263597926
9.367699343194674,19.720195714542136
8.742332357978382,20.73267843513103
8.0832665401509,21.694931811790322
7.378288055119795,22.613425171907235
6.613370490305893,23.483744177876282
6.613370490305893,23.483744177876282
NaN,NaN
1.3374613523483276,-8.008905410766602
1.8148082218414994,-6.72296166986734
2.3788550292796096,-5.459729627976945
3.0573206820693963,-4.259351118283133
3.852114367058811,-3.153649002118363
4.757810464491285,-2.1751128464516465
5.768242019552602,-1.3452469164315013
6.879723338041292,-0.6956615897587778
8.062763889124978,-0.24417162244307977
9.3121806126697,-0.009569864152004448
10.59767867334196,-0.028229000833241726
11.847377658496903,-0.342230539199259
12.992619033749223,-0.9773642606037332
13.920906186346178,-1.943364467157146
14.556614456233476,-3.164249816808992
14.863260801767503,-4.545289384778851
14.822404403844363,-5.991549416306475
14.420678132454366,-7.404634855146579
13.67362190646423,-8.678193733080882
12.623617461530223,-9.720093031922179
11.35349143974542,-10.44703839555959
9.976615832166463,-10.77172169836124
8.639766516999554,-10.670367015230562
7.469259462512526,-10.205414527890529
6.525835692140064,-9.503326905879304
5.8335967734044285,-8.660673703869838
5.375644222198066,-7.73650865515895
5.133103216513017,-6.747019730429568
5.112415101714626,-5.707551817939445
5.3308983897762054,-4.6618064095479195
5.3308983897762054,-4.6618064095479195
NaN,NaN
1.3373963832855225,-8.008927345275879
1.8103279813286601,-6.728914973428347
2.356576211706877,-5.433567167821031
2.989569995185815,-4.102525204351728
3.7232176429390162,-2.7389064902028464
4.563650919804468,-1.294960148839207
5.491100217640447,0.2752562517237016
6.458230781765386,1.9866520671640024
7.4097252073022215,3.8476136924686757
8.317405573803821,5.8691028864935095
9.131715555205103,8.076370702186273
9.706949670426985,10.503851948789213
9.964881638382039,13.113630161430157
9.9185972416948,15.856260630056985
9.557904630033951,18.692148221026333
8.86476982760355,21.577469223371445
7.8341700454876175,24.461261049828202
6.467139713932625,27.2951405870638
4.774211855964379,30.052796691690187
2.7602817602621186,32.71869408711667
0.43177229850633525,35.26320532270869
-2.1963737635833427,37.64527444962165
-5.101355790449965,39.82639453531359
-8.262436143574748,41.783484405149025
-11.665768887870762,43.504459124178304
-15.28833984190609,44.96047233233077
-19.098878927553717,46.13019514296851
-23.074936794672702,46.999993178472415
-27.194699566445863,47.55939484806604
-31.433664623457897,47.79696019752371
-31.433664623457897,47.79696019752371
NaN,NaN
1.3381024599075317,-8.008940696716309
1.804049005542037,-6.717563460317503
2.3183223295107367,-5.400922331838387
2.883065842866709,-4.056020003378704
3.490581811155479,-2.6956976209746957
4.131703089163856,-1.3247242249498905
4.802387085217236,0.051299557343763125
5.503929372478832,1.4252975630564373
6.244363102005922,2.808704448784326
7.024344865086304,4.215447936838686
7.837404568911355,5.622494016193267
8.67324218038745,7.008115511827977
9.5312266549377,8.378237376113084
10.441733754649503,9.742025919009693
11.434543109361087,11.091165917883712
12.521607724235041,12.399697641500119
13.686575281251221,13.655014059380507
14.90565975423984,14.841110680318518
16.174507546746625,15.939452072622196
17.49194306750445,16.924114709423254
18.86155476303058,17.781404270212093
20.303724631103375,18.49761222068326
21.811348194467648,19.0415824866166
23.357271127611217,19.386687287723085
24.92119981881831,19.49847954685262
26.445704340549284,19.36527849668164
27.874775126008856,18.99795158999806
29.1806115108758,18.42725397382313
30.347757854320314,17.679402643100545
31.37142342618201,16.77449274572239
31.37142342618201,16.77449274572239
NaN,NaN
1.337882161140442,-8.00892448425293
1.8056736749468194,-6.742954690877379
2.3315103572908504,-5.508566200223707
2.928771407293804,-4.280889758034381
3.5980181826871105,-3.0566153495165223
4.323649544177665,-1.8564774146319465
5.124276294920709,-0.6818398339403242
6.023281384425382,0.4629161538281763
7.030887413486762,1.5489051957687192
8.13536987880317,2.5374367021989865
9.308696501843567,3.3734063868096684
10.534485330119681,4.011556006189964
11.78678047416374,4.420460624970081
13.031889253695725,4.567971498394219
14.22898438185115,4.430717614717467
15.31408990539093,3.97664981419153
16.213232922363773,3.2307003860709265
16.889420646525128,2.288659681634791
17.314183204397285,1.2034243980333592
17.457027887094746,0.028646818812699593
17.294755158426785,-1.1639874401489336
16.821100820352886,-2.296123488104544
16.04472192820481,-3.2893866713352806
14.999671901207952,-4.055533185564722
13.741709806731714,-4.530010204581312
12.341357582190371,-4.699095991986682
10.87416058371655,-4.552635817407221
9.43414836475043,-4.065198639836608
8.122732192259722,-3.245818241288384
7.014815432440006,-2.1324859810525165
7.014815432440006,-2.1324859810525165
NaN,NaN
1.3380495309829712,-8.008920669555664
1.8119683350818006,-6.734942048359803
2.3575938236869285,-5.48586368741338
2.974655650903506,-4.271828044823555
3.6375885432807626,-3.1114092850200894
4.3257980042592195,-2.0072679983450206
5.013371786675725,-0.940895006268031
5.672785449603561,0.10056473828758361
6.289876515413687,1.1249069848720534
6.852434815874258,2.139213777823523
7.362177874332297,3.1589884133800767
7.822032103062409,4.192507477248513
8.220756656806639,5.220327953007565
8.555351351274563,6.2323590690370825
8.832473841787596,7.2424201596395115
9.044068411665364,8.267284085900187
9.182499168945812,9.303640571531254
9.255470357115115,10.334225777341713
9.271346464672705,11.343839788208172
9.23989615951916,12.320130964933385
9.178945483463396,13.245059518219787
9.103703034704704,14.099796860091452
9.02676339158923,14.85447323527568
8.963150719135864,15.485890911251902
8.921337830383758,15.97820094395137
8.89676949809936,16.312582566854367
8.88621846787254,16.48527651681778
8.884734625089163,16.50721657090875
8.886180443436816,16.433243395795465
8.886899364536182,16.33324866141979
8.886899364536182,16.33324866141979
NaN,NaN
1.338014006614685,-8.00892448425293
1.7902474350656117,-6.744242304675614
2.2481253335568745,-5.528745924100401
2.6945184566319105,-4.3940728720963715
3.1164686268133246,-3.3571024077857903
3.520610172759535,-2.4154952964746412
3.9200478270229397,-1.59516396691553
4.3300574629324995,-0.8989763913455098
4.760942440350229,-0.31505129618824845
5.211969119364281,0.15579962070759923
5.669937241322466,0.5097385541681811
6.108404060470793,0.7433659927042947
6.498634985024173,0.8807127836825187
6.807118634693596,0.9569738021364222
7.006558872845364,0.9949118999095624
7.091583263005508,1.0085315207562746
7.064564355188843,1.004850544809826
6.972775652424429,0.9898843620195719
6.874437119001228,0.9717625767848004
6.776506774031569,0.9515508527107732
6.679029028694953,0.9292583557664877
6.582048088918022,0.9048951955465101
6.485607935327271,0.8784724206862975
6.389831089318397,0.8500263301994647
6.295128850582822,0.8196975215395356
6.204290441492564,0.7885079807021922
6.119289737449764,0.7574217858511201
6.031671263879648,0.7234156701726188
5.939220481433339,0.6853142386905041
5.847602004513864,0.6452527741282005
5.847602004513864,0.6452527741282005
NaN,NaN
1.3379545211791992,-8.008938789367676
1.7974745988078253,-6.723258311834444
2.279502441939937,-5.4400272421850255
2.764064014906116,-4.167319461335096
3.244154486685739,-2.902197134037224
3.732460750594076,-1.6413381245506296
4.215245032796396,-0.38358102529486415
4.679772546080473,0.8753628396235835
5.104994564244616,2.138369252989116
5.432945331509886,3.41497289130903
5.595951683162858,4.703252786682621
5.517617863104588,5.96832946824572
5.137784640171311,7.138110914626573
4.432770143479363,8.111466194045192
3.471325865033374,8.82615820367189
2.3735299420613947,9.269148039439763
1.2167316132639152,9.421775361187715
0.0460712365714544,9.279921759010849
-1.0736330060205896,8.837363747290205
-2.0513392391499083,8.115176853772647
-2.8047901827266384,7.172914896321097
-3.288869417562699,6.078488336543013
-3.4793855296497807,4.881558815849981
-3.347450714111482,3.6426436869038263
-2.8721121756915835,2.446428619293313
-2.0582269281938133,1.3937860704431768
-0.9555725195488867,0.5589175861361629
0.3584274255637796,-0.02150923647841818
1.8213268287919788,-0.30493518676100684
3.3609939151028017,-0.2605557718092566
3.3609939151028017,-0.2605557718092566
NaN,NaN
1.3381121158599854,-8.008893013000488
1.7961482493607357,-6.733117595113622
2.2700415795075384,-5.476577408916647
2.7228290734781515,-4.229848484770273
3.095790012449498,-2.972329631416308
3.327709378282342,-1.6845307256622473
3.3552185849529175,-0.4063531131425091
3.147181835671437,0.795207081255699
2.706113230308715,1.8738513492969593
2.0640612261718467,2.7731720571887863
1.2717706862978133,3.435209609138044
0.4009176582454367,3.85425392427266
-0.47367279848153987,4.071421584303664
-1.2769223146373776,4.120638405780292
-1.9636603506989592,4.052734367645798
-2.542674741199747,3.9134618868869273
-3.0207438796907935,3.736906130146819
-3.4041141410033893,3.54994216153578
-3.6980031135550013,3.375683417261222
-3.894136601877503,3.242588169792755
-4.014167907704415,3.1535795224217926
-4.0682575474945635,3.1117568112872553
-4.036637089660382,3.1370288389362004
-3.9570328599142686,3.197543571542807
-3.875574858820725,3.255511176476432
-3.7929296626286346,3.3086931759405966
-3.7145970962671466,3.353660867729035
-3.6465986103159462,3.388270616470778
-3.6024580849544905,3.408466879047539
-3.627373159177393,3.3998567788777
-3.627373159177393,3.3998567788777
NaN,NaN
1.3375439643859863,-8.008912086486816
1.7993521375853583,-6.726214380826613
2.2854301264727876,-5.454381532154847
2.7676290889575506,-4.191148095270041
3.2196715768808772,-2.945538817790223
3.625105954769639,-1.721247946131194
3.971199298684688,-0.4907356733168886
4.230034162655416,0.7554999695269371
4.363636352904225,2.0106671416223305
4.3222694770942995,3.251621179035851
4.081090494298612,4.425932155850391
3.6497105319272696,5.493494414188289
3.029494250218518,6.427140341980466
2.2450664567531695,7.166937650197706
1.335081154958639,7.665197705906481
0.3314297428637143,7.915480127192532
-0.7182750255704389,7.937013286513327
-1.7775819879243946,7.713441166243234
-2.8009574967107813,7.224675029405313
-3.716973980388899,6.460548978019778
-4.438003607245097,5.435468175764368
-4.871024462123646,4.20319127403888
-4.954105002842742,2.8550614222063846
-4.718362250890124,1.4561963712417163
-4.167691651743339,0.06879479255243726
-3.305293576903039,-1.2295659207279919
-2.1558258874032745,-2.3781814177869283
-0.7528441121194636,-3.3099177178330526
0.849345134321803,-3.9657295633158647
2.5949414935543094,-4.316206920814258
2.5949414935543094,-4.316206920814258
NaN,NaN
1.3373222351074219,-8.008936882019043
1.7987016390834016,-6.72885528594462
2.2903191219030696,-5.466482018349527
2.815282526346021,-4.223277015334204
3.3942968028230327,-3.003119867168988
4.066630226628125,-1.823318232077951
4.879621821708335,-0.6876570569985376
5.866157610223323,0.3981753973608144
7.059689899972462,1.3918943362744085
8.4975465195412,2.2102331782704603
10.17304705815933,2.7653088745179213
12.011774797352704,3.0162418427948734
13.938408951079479,2.9466139458067495
15.894733698733644,2.5490447981065283
17.82763877942367,1.8196313945520748
19.678510188922413,0.7652015605877307
21.396488524110747,-0.5974843016770937
22.957439308446336,-2.246467048806621
24.326712899791733,-4.165383435212224
25.477591181424682,-6.327343098737618
26.365045526100474,-8.700142774876593
26.970109544846583,-11.245393394888477
27.27672705536117,-13.93697219130437
27.26401069921811,-16.734378637276315
26.92017167489598,-19.5934987136925
26.23963571066113,-22.4763065272387
25.220829568635068,-25.34324051597039
23.869113292464377,-28.165279324596856
22.188513948971092,-30.916243100282276
20.186918462109197,-33.5716993690674
20.186918462109197,-33.5716993690674
NaN,NaN
1.3379981517791748,-8.008934020996094
1.8003483468888282,-6.7181737223212235
2.3042558539629083,-5.422251485922262
2.8627803763110125,-4.144437029030404
3.4687847534641962,-2.9077930835161583
4.117892265519063,-1.7326475593434216
4.800392545857421,-0.6331783615047881
5.50472728497973,0.39084472838201734
6.224300081489415,1.3379425129641431
6.941973754398715,2.2010188741978323
7.639781756814354,2.984509957121532
8.30324528243265,3.686956365438367
8.915284180771481,4.297126526084012
9.455499714083196,4.80203885972339
9.907049031571665,5.19054943489981
10.253293986664596,5.469994981741745
10.461616811271835,5.633791663213255
10.510252595859935,5.671694971385192
10.455771244333256,5.62833784243062
10.378172950654386,5.565267353087163
10.304056782400679,5.503457889693995
10.25279602227457,5.460435642256452
10.242351377432318,5.451788296339751
10.275796488873077,5.479991756418312
10.346116719790471,5.539472451961422
10.433076325506274,5.612842892350416
10.515314546320358,5.680776870534205
10.59224415981243,5.7410759614177795
10.67784056593198,5.80310549141041
10.794667797776418,5.87859022577234
10.794667797776418,5.87859022577234
NaN,NaN
1.3377580642700195,-8.008936882019043
1.794065762637052,-6.722779332678646
2.27197762817382,-5.433100334540486
2.7956236028044366,-4.127773210205676
3.375501733645458,-2.8002114814349772
4.004010345022269,-1.4405353761789674
4.686953126238407,-0.02876871297317196
5.41551802224933,1.4219659199470756
6.200452272692641,2.884026016536153
7.066106620917591,4.366480199510772
8.036079631049889,5.859878417001063
9.133192238370572,7.324871451164083
10.351442347087502,8.73107523076268
11.692173261724292,10.050350122050851
13.173917527876652,11.250181454460161
14.83193961587718,12.272769159071405
16.680815141335323,13.060619754918152
18.694346945916074,13.543078714914532
20.809633680405504,13.687726261735419
23.00183446095255,13.519135958868038
25.24569911478813,13.025243632793284
27.475477993899023,12.196593818611841
29.613054439203754,11.037017705446427
31.59790151009636,9.568119406149656
33.39465644079032,7.811663762957564
34.95312384999572,5.802429163411929
36.23132797961915,3.582985602090708
37.20698817660759,1.1895438325234373
37.85424266931604,-1.325930437242795
38.1608132509986,-3.923519606938076
38.1608132509986,-3.923519606938076
NaN,NaN
1.337857961654663,-8.00892448425293
1.7888411692091069,-6.7414808567902025
2.2448653149940343,-5.495254427326154
2.685872720288557,-4.242836373880116
3.07236197825346,-2.9536468060208674
3.358161882287182,-1.6048452208667534
3.504056531351937,-0.2056281445813104
3.471375751052658,1.214849446760574
3.2233965691626887,2.6311554500663292
2.705847077994872,4.002422918972604
1.8612712227638408,5.2151651163114305
0.7066577110187022,6.129621703176481
-0.6520001359059386,6.689336703282562
-2.115817208722812,6.881336345265831
-3.603021061570411,6.71028589160132
-5.0512729180901,6.197036099502126
-6.386882711799087,5.357871665921995
-7.521846848092396,4.226000663469585
-8.385927426508346,2.8558980588977025
-8.921946702976621,1.322480402390434
-9.098122530740536,-0.29822461024706426
-8.910704198467048,-1.9282028645166212
-8.363371308223694,-3.4751846444752483
-7.482456676965295,-4.848279977436517
-6.31484984584335,-5.971503555046526
-4.93345537724317,-6.779398844187588
-3.427829735447397,-7.212165125601344
-1.9088036391118512,-7.242255594822706
-0.5009235033308264,-6.862453454866192
0.6779680756583035,-6.149110941347484
0.6779680756583035,-6.149110941347484
NaN,NaN
1.3376693725585938,-8.008916854858398
1.810486711582762,-6.72846351836937
2.356940162936045,-5.459158428201451
3.003204526625795,-4.197325226447845
3.7631486278620256,-2.9496235665285213
4.636251263434432,-1.7366615277397013
5.6482752658665065,-0.5774130312069374
6.819650075877445,0.5231066251017669
8.166518475880657,1.5589389613057745
9.676332135794105,2.5290522840793033
11.316332709970059,3.472497223488869
13.04616784012334,4.4871664963281095
14.80049577031068,5.679141379168744
16.45784930602191,7.151639695452845
17.906986398940393,8.951512849954593
19.138486856154604,11.014447402141924
20.134048236086706,13.308062372688319
20.870784930945792,15.802431049571462
21.324579161408554,18.468261787732708
21.46922366037527,21.26436612376955
21.289470593111712,24.14751454613235
20.774673866782422,27.07577955028743
19.92157648289587,30.00878078574579
18.728291712000587,32.895436336793786
17.20564925289471,35.70199283388136
15.359479959404803,38.399026489398885
13.203795411078966,40.95329067283946
10.75498445634063,43.328165387414245
8.035078910845236,45.49300454267135
5.063934242765702,47.42402637727519
5.063934242765702,47.42402637727519
NaN,NaN
1.3373820781707764,-8.008940696716309
1.8007359551625637,-6.730547359990732
2.308951013676122,-5.456522606008553
2.8636598183036472,-4.179802289638636
3.4605627992069046,-2.902032798819914
4.114336047929799,-1.643052193116659
4.834327332975486,-0.43919983136834717
5.630796277936547,0.6787604618879954
6.520653610879235,1.702395714943325
7.491414953131587,2.6286421884891054
8.51314292816794,3.447448794292887
9.571411887800302,4.142506550796682
10.64421477662411,4.689246869191808
11.70991264238617,5.074797305730055
12.747380959870705,5.276076966032302
13.696153824774088,5.282191039663387
14.477315592828372,5.131816939620022
15.047170091847411,4.901253807907961
15.424193268117184,4.678700299865801
15.637953696673772,4.530607103318172
15.703712753262119,4.482021553029438
15.662553426106891,4.513557184922224
15.58192342978415,4.572698286948782
15.500052349231739,4.630109021355353
15.42877215021012,4.6780423296745965
15.383083258691677,4.707805979907807
15.356632869551524,4.724676962711458
15.346694131946066,4.730974290311623
15.361970774810857,4.7213495745783645
15.391078420326947,4.7027197204248905
15.391078420326947,4.7027197204248905
NaN,NaN
1.3376280069351196,-8.008940696716309
1.8056643643014796,-6.7161069881416395
2.327487814221996,-5.410067604078829
2.918096840332024,-4.07834538176814
3.5915790740227442,-2.710393177623855
4.366999422925537,-1.3123760588727476
5.267365078751409,0.12386422572145817
6.328244789758408,1.59178173740238
7.581433809741979,3.063259537098234
9.030250747706441,4.528636566064854
10.675528740791023,5.926225530749041
12.515049932983505,7.134560030336253
14.546334159718503,8.067228056017681
16.755277994263054,8.697209509257565
19.09206551929516,9.002754727530103
21.4989190530236,8.973105235690854
23.91256967097099,8.59743948033897
26.282554956825724,7.878561206334053
28.562244478028088,6.825356053703199
30.693405666304407,5.456211534109008
32.62965273161156,3.7956615375736833
34.345030943579694,1.8673816480320895
35.8260400918948,-0.30784323761004884
37.04178405835375,-2.7011350111321155
37.95158504459682,-5.259198413054243
38.52950888632764,-7.929445800152649
38.763798382475215,-10.668318758864027
38.6522710702271,-13.443104647442471
38.19601685708025,-16.224952528840607
37.400006727308764,-18.98845241809512
37.400006727308764,-18.98845241809512
NaN,NaN
1.3380101919174194,-8.008922576904297
1.7858329433948126,-6.744721397873529
2.2236151741575148,-5.520457023344447
2.618878029976053,-4.346666093256172
2.948912641315026,-3.2456259156883185
3.205746435206022,-2.2353283023849873
3.391829740290986,-1.3187669198524394
3.5068488724370317,-0.49364959142058007
3.5499097314570207,0.24233891329441448
3.5224024177755537,0.8962907383739241
3.4250515022200716,1.4554992319629099
3.274585246613381,1.9070098787474714
3.106817677885598,2.2399068533901536
2.976071280954186,2.44039831221642
2.9261192792183595,2.5107624134726794
2.953240228811874,2.4740295949688607
3.0108179801579205,2.392275886760279
3.065052307479892,2.3117319908105816
3.1143969871700308,2.235182933127305
3.1600404285225334,2.1613392060624026
3.202835327325628,2.0892051842408366
3.242693578082225,2.019259350367328
3.2855867167431763,1.9407402803305507
3.3277685202165603,1.8598542850417459
3.3588642086228213,1.7976783488298043
3.3772958444196184,1.759727433825203
3.3817560307801298,1.7504751154800566
3.362342893425614,1.7910421651698496
3.304091185251918,1.9067247734625536
3.2010893450158444,2.0934418363123335
3.2010893450158444,2.0934418363123335
NaN,NaN
1.3377810716629028,-8.008922576904297
1.8186139092224562,-6.719623541783483
2.391791323685369,-5.427564063839629
3.089431803494372,-4.126208704173038
3.9683496061101073,-2.839499000861161
5.1072801681465085,-1.6490521971122878
6.552676030839736,-0.6589968382662598
8.25088636241605,0.0934337560426558
10.142975245405943,0.588259769651565
12.15863484719568,0.7684684851144555
14.232868079612302,0.617793035815171
16.324397934146095,0.1353097272647386
18.39183433910832,-0.6770426191275194
20.38001002252193,-1.8162399385801438
22.23569639071573,-3.265430575595289
23.917408601246727,-5.003581692983857
25.384112220440574,-7.003939899826128
26.61563116082446,-9.240248354024896
27.58600483630295,-11.6874429930311
28.285452396036092,-14.320337318075255
28.68795444123695,-17.110991530331777
28.77487667880354,-20.016668631665752
28.533775225314564,-22.999650558929428
27.959549992857287,-26.026083951406097
27.07051504776931,-29.07815310616656
25.95492437997079,-32.189483573160594
24.733904547795515,-35.40661697629802
23.53849505203192,-38.79816142186194
22.53447546061631,-42.449533096850416
21.777332581877655,-46.33852139824196
21.777332581877655,-46.33852139824196
NaN,NaN
1.3376914262771606,-8.008918762207031
1.8012556545110614,-6.7492853135285555
2.3180716737468816,-5.54330261247113
2.9035232134378184,-4.407827685391845
3.569834022617417,-3.3486471565036706
4.32313524714778,-2.3590856260836763
5.1506585876054425,-1.4313744547734149
6.0421987874392995,-0.5643967788452848
6.99486855473583,0.22497414496132928
8.001930634827,0.9341874361973423
9.057510122531902,1.5799664006112475
10.156011920309847,2.1810048488138998
11.277661324836146,2.766189168153631
12.39180222588265,3.3651298515240504
13.47030405181456,4.015949878828829
14.492894473104696,4.771019691474231
15.415914094201806,5.66879883709023
16.155526744666478,6.732504412195233
16.61528960246912,7.953762624503341
16.707457137707394,9.281135250809296
16.37515040258051,10.614252335450871
15.677183592656394,11.830815238606915
14.676616965749604,12.851304321128742
13.434030225197882,13.601751775701509
12.031418423201767,14.016387700930409
10.558997599117916,14.063016657539375
9.10482346340822,13.742253341161726
7.7305909777314925,13.082179827712062
6.494496176372457,12.111983106984626
5.462267202946771,10.868477450533671
5.462267202946771,10.868477450533671
NaN,NaN
1.3377249240875244,-8.008913040161133
1.804490301669655,-6.734418904817203
2.326884532669252,-5.488735617497113
2.918539718270578,-4.287578306469412
3.6110303386857385,-3.151619664286772
4.423324063919456,-2.113069914447193
5.348626073385342,-1.2095017531823062
6.375175797312946,-0.4706070806610819
7.483806937073179,0.06123033514757337
8.645650143808444,0.3200870461412093
9.79802704108217,0.25390627275303246
10.851705630064913,-0.12249724351652314
11.73737165170822,-0.7137631010684111
12.424329057081069,-1.4346125302151913
12.919019557515028,-2.2345286375816356
13.23421585981138,-3.080736821327846
13.378680742277604,-3.93810358817528
13.364651621777709,-4.78428707214813
13.208119909607403,-5.581620411005137
12.941440389862853,-6.287383778661926
12.600723714607076,-6.888455352360644
12.208713670829166,-7.395651734304396
11.793441510137932,-7.808193404546011
11.36789586344688,-8.139732077468063
10.917826448646158,-8.414477374305852
10.443001352510072,-8.635680494702054
9.950391896238328,-8.801485833055807
9.449616544206435,-8.910626766642274
8.95133130909645,-8.963897188523816
8.495695791833946,-8.966088654206073
8.495695791833946,-8.966088654206073
NaN,NaN
1.3378711938858032,-8.008939743041992
1.7923198407375698,-6.726416802645574
2.2506404265035687,-5.465491523266007
2.6967425007386048,-4.242651825242865
3.1193988346158577,-3.0570696422545955
3.498957402945157,-1.9004983140999183
3.8233497765192577,-0.7691039569417903
4.094532178538706,0.34891148547953565
4.305713635448697,1.4639995989559984
4.449570570315013,2.587298433449285
4.512414907055844,3.7320910161888863
4.481510731644549,4.891809153031701
4.324102079913768,6.055405021693004
4.016982836293519,7.198970649512713
3.5517667084875457,8.296509073274843
2.9186426918764745,9.332430012333715
2.096034525965434,10.26238420071452
1.0684858738467138,11.018272346631791
-0.13951426875256434,11.512771999066041
-1.4609858138544893,11.631023796032036
-2.784520804039415,11.325300487652255
-3.986869924585706,10.653464083333388
-4.978322068200892,9.673554750535851
-5.683353368194652,8.454127386353873
-6.056975857198787,7.074723199177447
-6.061060388841011,5.639389760364108
-5.674249028398612,4.267123962452137
-4.927835231168912,3.0649232474915773
-3.8903279936457906,2.10233399077805
-2.6466121650174177,1.3943371326940475
-2.6466121650174177,1.3943371326940475
NaN,NaN
1.337792158126831,-8.008932113647461
1.8096711288418246,-6.719891854152127
2.334459683776815,-5.444695484162868
2.8925328050553896,-4.1935466121663
3.4635978731772497,-2.9617846438647106
4.047644672934552,-1.7506830256629373
4.647595651946279,-0.5376494481715981
5.232696994946237,0.7078477539009724
5.757870771937586,1.9839072495319507
6.175129215604757,3.2713769942688007
6.4306073957404495,4.584200771099097
6.459329270350566,5.940294861879767
6.188284890733036,7.299930383055607
5.541202383291623,8.573792015132566
4.554748044002579,9.661462106009417
3.2963171633670463,10.497566986593638
1.8320473048172228,11.094238654713784
0.2114969793907422,11.403290087404788
-1.5005146333947237,11.395833159930852
-3.246319002254249,11.061985156516249
-4.968213504324568,10.399878682482303
-6.600816107826466,9.415459749507976
-8.08753556729335,8.130003024860875
-9.38330043292892,6.570670859754795
-10.438167019376888,4.773511475100209
-11.219879634602293,2.7804918980069178
-11.696455026699105,0.6374001286361408
-11.849121424129562,-1.6055462475742264
-11.668009186487005,-3.904049799062882
-11.146854405231693,-6.206884218351361
-11.146854405231693,-6.206884218351361
NaN,NaN
1.338011384010315,-8.008912086486816
1.8104504899294733,-6.722154966105033
2.3428071537022586,-5.432906103740612
2.9323870384033945,-4.134718340240721
3.5735860836985305,-2.8076383742261855
4.243297353939015,-1.4414620924357204
4.940662988399987,-0.029765260252583303
5.680410403203023,1.4587914822885144
6.448871549355176,3.044106264778353
7.2347029296826655,4.7551747034719565
8.019301081647132,6.620448118972109
8.714145778502266,8.642234881116014
9.185490499360125,10.837243817538846
9.321574078743534,13.193417845201447
9.131615097612896,15.645068780863896
8.617005732579472,18.157107451152847
7.766256259522404,20.672152606903975
6.584762366976404,23.146054477378353
5.077272749876897,25.541876943948242
3.2545474273082107,27.821450221443907
1.1315892263928822,29.94423708328984
-1.2680973445088806,31.866707660999907
-3.918239110817358,33.558461638308046
-6.794746236875598,34.994723208838785
-9.872193034662594,36.15658746797984
-13.123110568125952,37.02395505651591
-16.518910706168455,37.583322712986366
-20.03349282886982,37.823170394591344
-23.633862518303303,37.7315936115992
-27.284506667149856,37.30071665051341
-27.284506667149856,37.30071665051341
NaN,NaN
1.3376015424728394,-8.008946418762207
1.8097535645608234,-6.7392527002856495
2.353272214953629,-5.510734944316805
2.9824041314515197,-4.336227001297274
3.710088465569639,-3.234768959506984
4.54203353549372,-2.235492297865072
5.463345810652942,-1.3575109445886626
6.475917223838634,-0.6269175826855599
7.573474398397342,-0.0920893024878513
8.71837013065128,0.20311489704361002
9.854176361275085,0.2346615193912459
10.914311433744611,-0.025524082859176345
11.843210096892463,-0.5556185430743987
12.613951647298355,-1.2674037546120378
13.197873710130427,-2.1167869422511956
13.579364250656349,-3.0656633864352707
13.745557114531303,-4.076033707116029
13.685978418603801,-5.109733606321331
13.395631253624574,-6.116520984335384
12.890978721004025,-7.0297427656707185
12.222444680299725,-7.784909282681843
11.4618882797549,-8.347512438389431
10.656221114942333,-8.72702154617494
9.832736749242013,-8.940764230632258
9.013669174002073,-9.002412506604545
8.224990966479432,-8.92540008265436
7.492517436888055,-8.728110144847351
6.82122687714148,-8.426067430890072
6.228253140869732,-8.04016125854961
5.7377475077107745,-7.6080631530634415
5.7377475077107745,-7.6080631530634415
NaN,NaN
1.3378028869628906,-8.008918762207031
1.7955070784456542,-6.747846120063169
2.2880480657108317,-5.509350348993592
2.826091504163818,-4.261511980253726
3.4385417048536397,-3.013848609326625
4.178588380185133,-1.7896514956242324
5.080731009540642,-0.6142586614008183
6.187951146664387,0.4545707530562031
7.520504494106411,1.2886716736739874
9.025849401968797,1.7536551441108497
10.602243328303313,1.8248281386278475
12.1549154447676,1.5156490192825571
13.590340527784512,0.8533375591569898
14.804581396598678,-0.12570103107220643
15.706570091009219,-1.3413897106735488
16.203738333908245,-2.7169914478651744
16.298322356240895,-4.122165209091494
15.98679532598671,-5.401319544482392
15.383311170168804,-6.427034891388976
14.66135051720768,-7.170562018731108
13.93812890708344,-7.660776846388071
13.288076739542857,-7.955646874779623
12.761952226484313,-8.113586678021376
12.375240194682517,-8.188227155841039
12.126306525549682,-8.219062723355803
12.039109266754135,-8.227271036032498
12.088573803931343,-8.223544042451845
12.188102080442956,-8.213900991557608
12.287402447242583,-8.202140744562719
12.384954800127051,-8.188491307169489
12.384954800127051,-8.188491307169489
NaN,NaN
1.337984323501587,-8.008870124816895
1.7965550848376886,-6.72910610004312
2.277178234268243,-5.4635141735068355
2.7650324419079433,-4.214872395388797
3.237317296456562,-2.9699779142196867
3.6558046905658386,-1.7162285652914004
3.9908227256399833,-0.45166605111853686
4.246767471125231,0.817814947681494
4.433428408121751,2.0786708882859672
4.577344501373875,3.350382024585712
4.715817863237012,4.65883747502351
4.875251289016225,5.9922634162509425
5.085617152590476,7.342245372521735
5.3903084324482,8.720510944633839
5.846986000276507,10.119063360159293
6.535967494448037,11.520435671724321
7.54933829244175,12.864234291570744
8.878489171594996,14.080121142036106
10.486769750014139,15.110118487572382
12.33608808623018,15.957604800453847
14.403410869990648,16.570157486384154
16.633535804388124,16.89276359493367
18.97425177096054,16.906745999722844
21.39148629666108,16.603404374223743
23.840143364071903,15.968541809124174
26.28297590209331,15.006319041751297
28.679004656986066,13.713098006735663
30.99899019987981,12.100274123075536
33.219308347955604,10.173559208849923
35.30800386526902,7.942139282909396
35.30800386526902,7.942139282909396
NaN,NaN
1.3378005027770996,-8.008910179138184
1.803488603079864,-6.739878958412023
2.3343345063491983,-5.5107033353310815
2.9605809590569825,-4.322708513920133
3.6858614700718766,-3.180705811459914
4.518037833936578,-2.123595308123778
5.450935309998043,-1.1866041522515474
6.484147820216233,-0.39418905912418856
7.613154890815341,0.20573847750579755
8.813432915417536,0.5847058486376113
10.052705537847228,0.728421945323537
11.273958811361137,0.6171311207473612
12.431976348932789,0.2536123938281346
13.480489267820898,-0.3219655952887439
14.377749267038896,-1.0475637331454513
15.09601895873938,-1.8740415284721976
15.621598408842074,-2.795827066431197
15.930204511378273,-3.815658984887291
15.975267657917366,-4.893783781742993
15.743901937137082,-5.957828682638467
15.272827996477535,-6.939155777035872
14.586265792185282,-7.786182887435063
13.72656290326698,-8.448477267975269
12.7482373156202,-8.891196279404229
11.71066371910309,-9.097704243701845
10.655604966194556,-9.065995147532677
9.627314328051023,-8.795633143532182
8.692397470111647,-8.30382516470647
7.900727535654104,-7.624355154302994
7.287442816791782,-6.800055547538395
7.287442816791782,-6.800055547538395
NaN,NaN
1.3376574516296387,-8.008902549743652
1.7961620652885524,-6.7427570707593185
2.285930835695686,-5.506638415903352
2.8222343918115858,-4.273807110167256
3.4133355331852586,-3.0442168878198483
4.065177019754968,-1.8303677708556185
4.795699288572988,-0.6345679227424561
5.620327985570926,0.5306849920569716
6.569155525205277,1.664554784554111
7.661859546016398,2.767348464101667
8.92414692991716,3.804500223569848
10.375825827982036,4.730308751628968
12.028570718405167,5.482080608652326
13.880097303567672,5.991289121439041
15.921003955753775,6.224473747408832
18.10628870646965,6.1723064466556306
20.39062907114979,5.819813717159578
22.715481464815053,5.138065728043794
25.024357138033857,4.127054587479309
27.262645410791617,2.7876882286505493
29.370977197569466,1.1342058660508476
31.2980828028836,-0.8094455857463525
33.00949212189679,-3.0175592656931953
34.47420538065233,-5.463189087187377
35.65974659997029,-8.110349140078327
36.5367258291625,-10.915307894872182
37.080732736242744,-13.825112333690374
37.27728560919899,-16.787720678481005
37.1216954158411,-19.758573935485305
36.61780167527974,-22.714133977599158
36.61780167527974,-22.714133977599158
NaN,NaN
1.3378926515579224,-8.008905410766602
1.8007809032878541,-6.736578636121507
2.30446697716608,-5.485618710172506
2.841710856640331,-4.2529071043578615
3.40618923865509,-3.0405376824008385
4.008614202425831,-1.8290825726239488
4.653010786748026,-0.584524884883026
5.324113079086953,0.6747722587200644
5.992547068792695,1.9147817430939842
6.631497019971345,3.139541221815098
7.227944508018474,4.361779834136018
7.774805323706092,5.603210843369414
8.255706070501844,6.892448330605913
8.631306261429227,8.254693990365503
8.860409225479929,9.673045273346386
8.918896439789119,11.089580191695394
8.797174522578837,12.459287486625405
8.473467678448568,13.747975787770145
7.9259844930780545,14.89926874769935
7.175383953064072,15.843225606139201
6.274389074478806,16.514768066740007
5.286350666710127,16.894334655426093
4.301520928635531,17.021515784706928
3.398119642907115,16.953759135188022
2.6129054115838475,16.746031294038747
1.9611719677509623,16.453636576656248
1.4546392290119838,16.13500050330155
1.094349704572716,15.847102032578098
0.873806672699948,15.639951616204684
0.7853484253288576,15.54962400444934
0.7853484253288576,15.54962400444934
NaN,NaN
1.3383116722106934,-8.008923530578613
1.7973254975521726,-6.74739921284101
2.2910012544384144,-5.54060869774632
2.837742639033895,-4.4070432918791385
3.442902948397625,-3.38411566616672
4.0876359720539535,-2.4989075132604683
4.760253521498461,-1.7416904752122204
5.453374216697724,-1.0917328961418207
6.146959084693112,-0.5236564651338634
6.812873914067881,-0.02615295750783747
7.420934228673012,0.3949315176114599
7.951971887520975,0.751887225472399
8.399547487978198,1.0603775030119689
8.770924915893508,1.3290548519563221
9.078433592159746,1.5600449688901508
9.325150831955014,1.7507159884093229
9.51035092664107,1.8983460601480804
9.632860031572926,1.999011922027987
9.682480017404222,2.0410957014966886
9.649840071904828,2.0126363062282686
9.575853209069889,1.9472864042809508
9.501982072268799,1.8798896448230464
9.429145395169215,1.811374648792696
9.360252129148831,1.7442200993542352
9.307275585325554,1.689996078277496
9.262162394235572,1.6395708695227866
9.206939702644824,1.5736792193101778
9.146486874678175,1.4966888012998356
9.088004104020682,1.4156028107108258
9.03270507776143,1.3323037575144254
9.03270507776143,1.3323037575144254
NaN,NaN
1.3380661010742188,-8.008930206298828
1.8060829545535255,-6.711945465088377
2.3287744918560285,-5.385719292921912
2.9156920827144868,-4.033685160904509
3.564829699025799,-2.677526289472439
4.2677288499666,-1.3011550928450648
5.033608539717383,0.12476110318839151
5.8746522232303064,1.5967721160052868
6.807966903710551,3.117075740711325
7.872057975386944,4.691996686989557
9.114993061840252,6.305871604981242
10.589804981621137,7.886039754792358
12.364882127015436,9.328627818604769
14.436965684198366,10.584919459782942
16.753784650531593,11.61525502703628
19.27968358829105,12.3896450504897
21.970528856206073,12.869791798439346
24.795765674694195,13.05207724590714
27.723779296667285,12.91287983677252
30.705518735170177,12.440246433436409
33.699413620306274,11.62895386822256
36.657092042933286,10.477041466020083
39.548956154978264,8.994073909717821
42.362575385542364,7.184773662277493
45.06693758322681,5.054537347117538
47.63216953409628,2.616544507541407
50.04157210764137,-0.11911232655222159
52.274903876243904,-3.1407056340712534
54.32646044757852,-6.439738104498591
56.20843575417117,-10.014841789642299
56.20843575417117,-10.014841789642299
NaN,NaN
1.3379837274551392,-8.008957862854004
1.8263873501412795,-6.720468531671062
2.4185419612189887,-5.438521423767339
3.112287356439093,-4.192589777413911
3.907050596082421,-3.0012027939478934
4.800300460652471,-1.8534306215441363
5.783943698905187,-0.7475908545955876
6.857497403492941,0.3079731310398621
8.014539911067015,1.2988054589683593
9.240046739452016,2.2012519911474997
10.515933725020679,3.005895172024104
11.83154383175539,3.7110567414989117
13.185560269598247,4.3102457898837105
14.586761171222149,4.7838798996354335
16.059555997835965,5.095972867938537
17.59363163701448,5.206130091759999
19.165640464096683,5.069707373434616
20.74996975178987,4.652652445770422
22.28852566294386,3.9089408214226715
23.749183718093978,2.8325070821950646
25.108151894224694,1.463010630170341
26.292758311225757,-0.18256521217273503
27.226259567034607,-2.056076388186871
27.874333850433292,-4.106110374130266
28.2095808396398,-6.287265028086622
28.213404068280184,-8.545606544134785
27.87811217815856,-10.831896042027545
27.200883543552585,-13.089196644428561
26.191135609099533,-15.272423122336548
24.860710212860887,-17.346265645154173
24.860710212860887,-17.346265645154173
NaN,NaN
1.337788701057434,-8.008953094482422
1.8114052146365096,-6.723702687575913
2.35417854452733,-5.4430081698823
2.9720899880567937,-4.180400376440318
3.6639533249530807,-2.935377596424975
4.410273598266874,-1.7050220559445595
5.190743341088155,-0.5002932229297647
5.999680727585108,0.6904007316128224
6.834466331164528,1.8767335457373309
7.7048645786651715,3.0532044044870372
8.606806169594845,4.225193653572358
9.534704686388014,5.390249355686834
10.492923934174556,6.546691479653559
11.492977435113321,7.6845063383469405
12.541741865045568,8.77963130293918
13.665742302208825,9.795063208093135
14.877290328404296,10.686682180969704
16.163281639600143,11.40455026601309
17.500823749400514,11.901614395535745
18.844192170696306,12.139045733152567
20.12595552341252,12.124309859814746
21.29640768205817,11.888754631380715
22.319295871975996,11.451500463059737
23.15452227943863,10.866609112019361
23.76571057321314,10.214899842651047
24.162420913525455,9.583725263216298
24.38958925458791,9.054611275854215
24.504768946449747,8.669503635609896
24.56270103552465,8.40910865218181
24.588955674263964,8.261378232111094
24.588955674263964,8.261378232111094
NaN,NaN
1.3377506732940674,-8.00891399383545
1.8054240359872584,-6.7443581781644735
2.3238133341273692,-5.53527699907425
2.887614323654051,-4.393195131257153
3.494092407246646,-3.330117509595167
4.113578899488841,-2.373624468654821
4.7233553424535195,-1.5419102377170883
5.3075288577942645,-0.8253465635423614
5.862088719224284,-0.22229949709056274
6.380686531911686,0.27184381257259305
6.854774896485138,0.6722307423067764
7.265182288337999,0.9951209640806309
7.589564655889346,1.2391554662070916
7.821421930456938,1.4047370227050548
7.953910507178331,1.4942864905979063
7.977551263186509,1.5102811715255318
7.919321806556372,1.4752681539927655
7.832885162301347,1.4249984834531488
7.74524888705504,1.376848958025314
7.656557854697646,1.330667611348968
7.567829159667433,1.2865289829336441
7.477404424065706,1.2461009769667475
7.384469845376228,1.2091986541403539
7.301098864727947,1.1762302993109128
7.223805783019533,1.1439934735283903
7.137669356963148,1.1061395047837874
7.04697759475094,1.0640221624796307
6.966604005290678,1.024719557634764
6.889878799456057,0.9853993735455261
6.804665455698812,0.939605804783939
6.804665455698812,0.939605804783939
NaN,NaN
1.3376803398132324,-8.008899688720703
1.8142724666389358,-6.725050682256733
2.3709320309420976,-5.457780491993491
3.0128324660279846,-4.234196326740571
3.7411047884909103,-3.0700213094380233
4.572500785872753,-1.9606564692591488
5.4955614360281855,-0.890916241613771
6.513335488805307,0.14855839014929484
7.645110349328524,1.1929669706651802
8.891967242745327,2.2545154539202032
10.232428547181343,3.323903158466312
11.652483034092274,4.413552818809754
13.116617701623811,5.535137555869709
14.58103697428483,6.727573369321288
15.993086468448038,8.053315437627006
17.2736840089017,9.586862291702563
18.342914777080416,11.413142600238393
19.166719437583712,13.490025146140084
19.74198945947549,15.769015376878986
20.047295930972712,18.22092367206026
20.053709443035142,20.808796644707947
19.73608703911099,23.479862772330716
19.088084331046918,26.188483329385456
18.102732073545475,28.88883873603023
16.78318038539861,31.531155296030356
15.138840821546664,34.067656990538964
13.18662985117344,36.4511619436962
10.948655842758036,38.64213150749799
8.446721511478149,40.61280641642351
5.696847819552694,42.352342784938436
5.696847819552694,42.352342784938436
NaN,NaN
1.3377431631088257,-8.008902549743652
1.8113936895367166,-6.724892642174489
2.3503981437919625,-5.442187333024628
2.9625506412298974,-4.127244666652586
3.665447226643102,-2.763972884654964
4.477161366288598,-1.364328960282871
5.410009935810067,0.05393907968845779
6.44688086747906,1.4702546275436872
7.570576217223651,2.8770505831153974
8.764970558412543,4.282936040406273
10.007655017334683,5.692293063232278
11.288570364997058,7.0990700740719666
12.594771535451232,8.51004476395617
13.899288783285193,9.951315874356347
15.19360697081785,11.44142473046578
16.465949594283437,13.004364372779122
17.681801219733345,14.663768711672638
18.78816653279887,16.433119865588736
19.727264001734618,18.33769313754149
20.41203199107707,20.390470483775612
20.73459894871331,22.564482744625604
20.69854473462276,24.791895652541893
20.31608054636756,27.01984422145347
19.590267661017506,29.18808557737578
18.53431138076713,31.250725427605644
17.16511100369795,33.17495843493812
15.507635144054047,34.90781130554653
13.59702462678968,36.40193512222073
11.467188299307074,37.6274438587292
9.153624697940334,38.56085716373592
9.153624697940334,38.56085716373592
NaN,NaN
1.3377290964126587,-8.008910179138184
1.81765366927227,-6.724703054352384
2.391570383528929,-5.457761547777976
3.0780435909367436,-4.2371100305968135
3.872021724719592,-3.0811059798080027
4.746850669878423,-1.9870109051910883
5.686279506804457,-0.9581825181491654
6.702620425803542,-0.023674525893404796
7.787733634723371,0.8038414685187887
8.922659245490657,1.5349227688259035
10.093119331009841,2.1521553924892767
11.30029358812621,2.6216416406816667
12.53797721738925,2.9202196120592006
13.759815510273908,3.0227734681867444
14.909743172530575,2.9236956895412507
15.932500568647574,2.6427287959709043
16.771438194233028,2.223237186759056
17.398418013748334,1.7500281472577979
17.82156929717178,1.3075552931096341
18.07738080332,0.9554530036454125
18.219481169202925,0.7141348836776504
18.283358600982087,0.594549120720453
18.282144071282087,0.5978694696088129
18.2435362498467,0.6718579620075372
18.195524001903244,0.7595716456796827
18.145861509544236,0.8458925568942041
18.1006044545908,0.9210738757076709
18.064008113178563,0.9796225222757986
18.03570177349341,1.0236420542637616
18.020117928163753,1.0474555649259645
18.020117928163753,1.0474555649259645
NaN,NaN
1.337915062904358,-8.008892059326172
1.7968253529556355,-6.712572160227493
2.278883349867172,-5.388160955134013
2.7773682128498294,-4.026944053124794
3.272554145367266,-2.6148159106271462
3.7471829485969064,-1.1492261662804826
4.205881392884704,0.35037140344271656
4.659542028607929,1.8689120417247975
5.130399854731005,3.3934841803800326
5.648595790572455,4.8911010207544265
6.247523216667929,6.343098101330265
6.9533578841744745,7.74119702704068
7.7704930940727674,9.074647339270632
8.703990650212393,10.333218004691112
9.741437275086335,11.498954085287536
10.869090553517449,12.566303219704082
12.088894432718773,13.536642267339843
13.414998233755771,14.401922665469447
14.836251399498707,15.150441445470472
16.362473931632255,15.7369474538618
18.018108855364613,16.096646622797277
19.788915794046904,16.146128732087668
21.619562178118343,15.834389599458735
23.466245315820732,15.206122198461516
25.312738105962573,14.272935271757701
27.112044469619445,13.024130338842765
28.831545102528157,11.47340857027163
30.42796458979889,9.624352971432941
31.866601300193473,7.495481561464819
33.10501449633622,5.105494018772376
33.10501449633622,5.105494018772376
NaN,NaN
1.3373435735702515,-8.008936882019043
1.8018318672147304,-6.719243856365326
2.3097487337677256,-5.414923589140438
2.8861669685637263,-4.0922297275373465
3.5754590020793557,-2.761847822180287
4.419927276776957,-1.4348000612870562
5.485006144542287,-0.1757838245297394
6.793950016187004,0.9007837766121347
8.324069797965711,1.6887210659058098
9.999405621661989,2.1154785542116685
11.730218734963461,2.168673898705859
13.454433213229283,1.8654059863282426
15.108793081564905,1.217461697316859
16.631269963565412,0.24589064768129898
17.961976112352147,-1.0177377655029602
19.046936575305136,-2.530898729874558
19.83749638959179,-4.238691036430486
20.293991485517118,-6.073815446371268
20.401666164028303,-7.978040122528863
20.161935247089044,-9.900790084956224
19.576814663495153,-11.77892342546554
18.659726989136203,-13.536911802803498
17.438152468683008,-15.10719273545889
15.95741815544261,-16.428589133013087
14.266435344801312,-17.450566300851097
12.423713080125115,-18.143820864183496
10.513051364765365,-18.47847584722186
8.62082409686507,-18.43314198872453
6.830957905899463,-18.02076105965869
5.23214210686378,-17.26572753493283
5.23214210686378,-17.26572753493283
NaN,NaN
1.3377087116241455,-8.008927345275879
1.805001128478827,-6.740675103585012
2.33793216641128,-5.497538968204307
2.966474363889615,-4.266224218068394
3.7042191223165233,-3.073315359874252
4.552734910366082,-1.9683791508604056
5.509911337509287,-0.9861006530095643
6.563262096315403,-0.15040222948633564
7.698012482019616,0.5148208411445726
8.883836229907427,0.968764966723417
10.099223950843761,1.1763150594965395
11.318099864313206,1.1067136649084937
12.454793651606556,0.7512532443336244
13.422611705510164,0.1309765308195049
14.170450887496079,-0.7133541996788003
14.680494835174136,-1.686672565683371
14.942013590857986,-2.6988468602061193
14.977912680450432,-3.667682374104458
14.835636317828628,-4.5410477276614865
14.56485909797225,-5.3006551599781435
14.207623331450533,-5.943482224610201
13.791612789856847,-6.481172470378493
13.34260818474565,-6.9190546148426115
12.904583885259242,-7.254149856476246
12.50702512533454,-7.507436188281374
12.169078609632807,-7.69829022954353
11.897382063238362,-7.846230098007184
11.682000175669149,-7.968090074297557
11.532592420569394,-8.056396861324497
11.463583486280008,-8.0993780446059
11.463583486280008,-8.0993780446059
NaN,NaN
1.337740421295166,-8.008944511413574
1.8092124958649847,-6.726014277532166
2.3498176066956225,-5.438588800321683
2.971478000952157,-4.136017828211565
3.67746382424423,-2.800722659728655
4.470995598971875,-1.4290308251729127
5.331239650038963,-0.03815034792425309
6.2503311510093225,1.3588730380240408
7.216537350308377,2.757306569941097
8.270181673030791,4.12756229377616
9.458457426417782,5.427458112981735
10.823935224237903,6.597265528248298
12.387702183088383,7.569360280718753
14.148627002036967,8.245630320294476
16.03780576706573,8.579210237840238
17.969122222741383,8.546676115469406
19.856914922330255,8.157304519118952
21.606560295005846,7.432376112122768
23.131578731665464,6.394204617169211
24.38494835949145,5.082535193847827
25.3325739405051,3.5585730074044655
25.931326289668412,1.8894537009677599
26.160574490075973,0.1526923785264478
26.021534368367966,-1.5546043668225826
25.515644586254393,-3.126506742852383
24.654088641676623,-4.479926472018765
23.50498702024607,-5.575065606043934
22.135528052533086,-6.357170612853703
20.620420971021247,-6.79081271687289
19.056025482392442,-6.850936515124178
19.056025482392442,-6.850936515124178
NaN,NaN
1.3378252983093262,-8.008919715881348
1.8074835482274136,-6.726156506561975
2.329558413176605,-5.44744962443627
2.9000528564354116,-4.1571574172013
3.519568675516216,-2.8669493141691444
4.206078443889204,-1.6189391743870498
4.968089041208663,-0.4476211576693674
5.791704639881586,0.6149160459779672
6.670747736568626,1.5554355109384828
7.587783840700192,2.355673101925134
8.515165607574376,2.9849646848595466
9.419279039452373,3.4259326662266534
10.256920675816167,3.680632409375021
11.002012804697294,3.7768851941754242
11.64624681567743,3.756204860315426
12.177636567566932,3.661876158133992
12.590964086853237,3.5370118502294305
12.894893419311073,3.417639073110477
13.115644914363367,3.3203246987117216
13.278716256631242,3.244381169956259
13.388252920707862,3.1902041811394652
13.450487401435282,3.1578294252975394
13.469369180427334,3.1478316381491243
13.450296140402614,3.1577184165145074
13.395150511106005,3.1860949085886334
13.313624168540214,3.228852671315857
13.226072567684437,3.276285940353182
13.149049410876374,3.3177026558532976
13.076644288724776,3.3550236956591886
12.992682613931516,3.3963399397527723
12.992682613931516,3.3963399397527723
NaN,NaN
1.337948203086853,-8.008927345275879
1.8080687750465918,-6.734561365428581
2.3477600016668103,-5.476252598644011
2.964516590069409,-4.2336175497516235
3.645774970313158,-3.023564314877973
4.378604827161292,-1.8767327867433847
5.140031992156549,-0.831303705131168
5.9271169630012785,0.07971969137513801
6.736524372652363,0.8490034723898813
7.542314685396766,1.450698035660312
8.305553056846522,1.867484643340217
8.992028741459752,2.1282986756124496
9.577531921998181,2.2612048514522787
10.038594142091913,2.289992252618325
10.37084320944032,2.263219422929287
10.591751361890516,2.2305962005122715
10.701258794595956,2.2106499305561425
10.704354911560234,2.210292285802733
10.632913854508708,2.2239894628360357
10.53436007092664,2.240901529462558
10.435468504073418,2.255711129768978
10.342320846860854,2.267703786585679
10.25699436540481,2.2770298813231333
10.184799928575382,2.2837044040649195
10.142763877584443,2.2871041931657383
10.14549761837101,2.2869688239148656
10.205644876493645,2.282114380458315
10.327708277235791,2.2697460719855824
10.491883842700146,2.2478808537824384
10.682098815865572,2.2151178733458474
10.682098815865572,2.2151178733458474
NaN,NaN
1.3375297784805298,-8.008941650390625
1.812648587568391,-6.715841892786554
2.356429962319007,-5.409330714463876
2.964406825004648,-4.112904703688735
3.639221726505627,-2.837105181888195
4.400959541541637,-1.5742611543078173
5.2561537494809825,-0.3417818760512863
6.201612275192906,0.8554533200992913
7.221114585271907,2.0259098207582698
8.299762709882579,3.1726216776062195
9.42903259571727,4.324388732544794
10.595062612981872,5.502987496441946
11.799528010958793,6.7272368812719305
13.054478514268437,8.04444511352268
14.367992855621834,9.491100329686457
15.720292858874174,11.085668330475432
17.087123778768795,12.833132342385843
18.471724382879664,14.727293882342918
19.810312884881004,16.802241701308436
21.05963279507052,19.072768204406913
22.13147662703671,21.604402571848073
22.99190892169163,24.39584136353352
23.632934732185273,27.428623794643805
24.030226256017485,30.676942502368927
24.158692231215085,34.115366385759174
23.99157523025249,37.70974261236062
23.51364593156931,41.425436032630536
22.710127197295286,45.227683542217676
21.57158973602518,49.07863315975887
20.094128889756682,52.943252622128504
20.094128889756682,52.943252622128504
NaN,NaN
1.3378865718841553,-8.008926391601562
1.8079483007569612,-6.721436742929661
2.322221854460881,-5.448514158097668
2.8709757636430573,-4.214481861244588
3.458562887510278,-3.0257908689289894
4.0743066043602605,-1.8868822152527167
4.709314686573888,-0.8204060675166467
5.367454792832195,0.17105734174722365
6.0473060506926934,1.0943187368494005
6.743096815917404,1.9575084042922728
7.454510510074157,2.7690534639936484
8.182839321305034,3.532060040508298
8.917118423279927,4.243610065486745
9.632600540628658,4.890462527096368
10.307706048487725,5.473552861515374
10.93625826727393,6.0083929800618945
11.522962453069034,6.506450172278772
12.064613997796348,6.969873913150804
12.558954096272029,7.39761749384341
12.986639114071156,7.773538994074605
13.317737593507733,8.07310137548738
13.555225676712201,8.294682662047135
13.727170007892758,8.460544409503047
13.846159364861986,8.580188762503544
13.9257115828546,8.665478751101746
13.97998262525558,8.728433614289473
13.994204291755247,8.744883655695038
13.961220888023826,8.694080422798349
13.908219279396656,8.609399645319774
13.857152026117554,8.52343016790204
13.857152026117554,8.52343016790204
NaN,NaN
1.3378710746765137,-8.008888244628906
1.8053151204914288,-6.732510043351974
2.3333384164356192,-5.463962265196917
2.9419578797283923,-4.219829454126481
3.6370039693977794,-3.035545096075799
4.427282560175137,-1.9073923634066363
5.312884338825446,-0.8449417353374573
6.282125301432911,0.12645246021397583
7.344474365641858,1.0084788420686674
8.510275864688387,1.8033048725219452
9.755864165191369,2.4975423117376945
11.07428310098374,3.085591805090387
12.472715085027936,3.5922736180463515
13.959851693996267,4.025458802555579
15.522220483121162,4.373107201728175
17.112992808525952,4.614374571896156
18.706647091164722,4.7614481748852215
20.301761798914367,4.838820196392399
21.893176813801222,4.853245917570202
23.48770422223228,4.7996763425922
25.094676441254187,4.682842270447121
26.709042620373296,4.487499617052127
28.3039458825248,4.203053579126893
29.857972148694742,3.7939534995441884
31.355649926020032,3.223276890816355
32.75728800184563,2.4743216206066734
34.027144638407954,1.560391267841018
35.14161481396439,0.5013627592392307
36.06869586924525,-0.6667663760901921
36.79799251765343,-1.869731173480271
36.79799251765343,-1.869731173480271
NaN,NaN
1.3378535509109497,-8.008953094482422
1.799637606313253,-6.729513186047074
2.2998974466591475,-5.461804394979044
2.837643016925187,-4.234419389585653
3.397616407676029,-3.1039821553657463
3.9708181691095654,-2.100502763832453
4.545479603431529,-1.2215152306853518
5.128824140204093,-0.4543517261550156
5.743527672418773,0.22193676046332544
6.411671378474108,0.8201474615715513
7.135139336124633,1.3356915361178983
7.900768242166627,1.755394673740531
8.690246881818034,2.0590986437321703
9.480293627060464,2.2409546079752407
10.245519087333033,2.304725050916887
10.95231716899897,2.2597395603845976
11.575113280703608,2.1252210078017115
12.105330700480176,1.9210741056750924
12.532249996122415,1.6875500071686929
12.86556269354311,1.4564944740667705
13.133947674275232,1.2366069394218413
13.33867231787257,1.0447757057921254
13.4871216801962,0.890125335222585
13.605338169787759,0.7560884904517408
13.708637933959222,0.6299941695735698
13.800559573087458,0.5097937908944844
13.8753670829563,0.40575098086153893
13.932367404196492,0.32221026646268314
13.977780833293851,0.2527710989043931
14.013383316128017,0.19638671893916096
14.013383316128017,0.19638671893916096
NaN,NaN
1.3378711938858032,-8.00889778137207
1.8012350868183333,-6.720915870660163
2.2946744773150773,-5.437575057647556
2.800622248148086,-4.175072581512589
3.298721641238767,-2.970648055943421
3.772501231986735,-1.8679383513804118
4.211536149166342,-0.8760401911275204
4.617195153366389,0.0036087929879079494
4.980797420813819,0.7710684437890322
5.291883851767137,1.4226658402169137
5.54218325372713,1.9594917512228662
5.729259231987335,2.3881858937055154
5.856569441681701,2.6998058827704137
5.922668835553319,2.86725299667633
5.9273235147792835,2.878972626989898
5.897965952638041,2.8006484884670377
5.863498776854198,2.7067777365232986
5.830022300640088,2.6125491241795626
5.797718172555629,2.5179134747329948
5.766272487741437,2.422986549244544
5.7371204862246765,2.3308601849606934
5.709309734464626,2.238313337285015
5.6817432708852245,2.1459633223406405
5.655304629792524,2.0568437996171633
5.628172815845965,1.9641510907063604
5.6003841632595694,1.8680898562734984
5.572565332801239,1.7720373611691487
5.545608554542581,1.6811040205087042
5.521700197450619,1.6028115525145683
5.50391940805727,1.5455978335592804
5.50391940805727,1.5455978335592804
NaN,NaN
1.3379780054092407,-8.008904457092285
1.7964538906454095,-6.735613280432334
2.276098170482328,-5.484169640383952
2.754509129032429,-4.2497703825687
3.2203866890828734,-3.0159557789691593
3.6850467650165153,-1.753197889141499
4.152077130030741,-0.42984889683462435
4.612458946329023,0.9837475019615354
5.050085520199283,2.4917138890235315
5.4539134046960225,4.107582535123623
5.797277437083557,5.854444535117429
6.043252042580495,7.733925366530409
6.111521722031848,9.744594587191786
5.880831775030954,11.856078605723727
5.294894821592324,14.00174622801991
4.377750740389953,16.141018685389202
3.1322439482994815,18.22764889132116
1.572020229903841,20.192366349752618
-0.2765875771952746,21.973115668437437
-2.3864495856045274,23.541846348267246
-4.7367704176179934,24.87232044626295
-7.281532345328301,25.917821370150573
-9.959314171500704,26.640840267286098
-12.715274608585055,27.020906927035718
-15.502967541123361,27.04974942925186
-18.27388055707215,26.72626569078933
-20.9623405765076,26.059629702161516
-23.496847253798602,25.070229664771368
-25.817233034593297,23.789446250142333
-27.87818713210101,22.243090129917253
-27.87818713210101,22.243090129917253
NaN,NaN
1.3375779390335083,-8.008935928344727
1.795943870478384,-6.722697070130594
2.275408589401573,-5.417668629328086
2.7682978121594264,-4.083171082126312
3.265180696157236,-2.7249190592024086
3.750052487242607,-1.3271285291990371
4.209999767511865,0.1345466701136222
4.63125422048423,1.6606450652322686
4.98038973088687,3.244728587668488
5.24781098787442,4.89323385900611
5.418513433523108,6.626263247805723
5.457030895111742,8.472294666694356
5.3030753831212065,10.439909938710827
4.871406324813762,12.49398807565969
4.083971079604108,14.559393486770057
2.9564294362592953,16.561886103511654
1.5124872894485273,18.44325989063185
-0.22151908988183422,20.15535702391225
-2.2187432118223747,21.648868201358827
-4.437903527826672,22.879561994168938
-6.844133077150525,23.823403978921363
-9.402858161541749,24.461160787108657
-12.06978039738365,24.772557401877474
-14.786072862220713,24.74009862738757
-17.495099478278867,24.357876529822402
-20.158588398088988,23.6300988472453
-22.734951137772274,22.565078189242648
-25.173679508717658,21.17828401895912
-27.42310232456832,19.49503567770407
-29.432125293482724,17.55156745230211
-29.432125293482724,17.55156745230211
NaN,NaN
1.337281584739685,-8.00891399383545
1.8143605989259086,-6.729607192142916
2.3807827477818737,-5.445121162367085
3.0593393794603756,-4.1485062122059775
3.860126029828016,-2.8551082890596344
4.7941656520344695,-1.561231832721409
5.852937293644624,-0.2601937174138791
7.015543051555125,1.0397334166677978
8.244861369499905,2.3256522320496327
9.530277742185223,3.6029190907362327
10.910792398757382,4.9024597878731795
12.435467300568922,6.230374207637005
14.157946154620976,7.562729094344089
16.090727343288407,8.85715116250659
18.22634568294713,10.05660929454786
20.553129817787234,11.11228974489409
23.062587532767537,11.967277945812526
25.737719416088378,12.565307880710558
28.551546426230036,12.885266476565853
31.48420446605338,12.877613808966197
34.50305892665511,12.552003110490833
37.593508150441,11.904319154824915
40.71248554664415,10.91938301431563
43.821880751721864,9.599831093241772
46.880572751038876,7.943495778200445
49.841308201641176,5.959401411561449
52.657925274179114,3.6622440513555694
55.300451118205544,1.069681606460608
57.74263875348858,-1.8030215969329486
59.95401415863767,-4.932752102664791
59.95401415863767,-4.932752102664791
NaN,NaN
1.337817668914795,-8.008903503417969
1.8086775981395866,-6.714669315487057
2.330662992165008,-5.417073188271059
2.908033405706388,-4.123929619055751
3.5623216431324582,-2.8352881636024536
4.320501996143879,-1.5610373119766545
5.2082040847549855,-0.2940585333969503
6.242583923935227,0.9501894279459338
7.43341743699331,2.133871774543513
8.799389539062052,3.226707364721462
10.355965628392928,4.172660265625273
12.107680483773859,4.925744924815328
14.028556492962595,5.446497295879237
16.057844690039573,5.6931847298677
18.128768806474515,5.602227997673683
20.168035713034772,5.1435966329441465
22.119978970535925,4.341951489549409
23.919016701062816,3.221624128251534
25.498159534287307,1.8170045997208761
26.81124553567013,0.16808449258405744
27.825080140471474,-1.678843938349445
28.509618225168477,-3.668611604561589
28.842409091435737,-5.7376295588907045
28.812587972222907,-7.817356064881816
28.421217519519317,-9.842845446730202
27.68225742013665,-11.765772554831315
26.61917605231061,-13.544276522230467
25.264082801792746,-15.120667926707373
23.663037795869837,-16.434180841583732
21.874604520629603,-17.435204568924327
21.874604520629603,-17.435204568924327
NaN,NaN
1.3379149436950684,-8.00891399383545
1.8023247278450403,-6.711324989202465
2.293427578411477,-5.401333192765645
2.7973346286058307,-4.09095437238337
3.3128406476746566,-2.786592653029384
3.849631031465463,-1.480126049408995
4.422419018355361,-0.1466466095799699
5.040187402943685,1.2155543979435917
5.716569716727844,2.5951209268213224
6.468727243167339,3.9755603251000617
7.323458406341134,5.329386998883262
8.323590031020567,6.615100520938427
9.497489237388658,7.766614042173373
10.852759643368493,8.722786498954886
12.388085722676843,9.387020025117028
14.035969174577446,9.659961190530575
15.701949391559207,9.541362674046612
17.321906421163046,9.066604842362516
18.855738694273175,8.263397674598151
20.2665106553255,7.154875624820338
21.496594832449034,5.765568847616549
22.48282349901101,4.137695986764112
23.177912600120205,2.325249822141722
23.559052741362436,0.3782891070351331
23.603702121183105,-1.643950907002205
23.297289620841266,-3.6635052743975605
22.643589935805814,-5.613759860770778
21.66113268521881,-7.431521063229945
20.376953039408956,-9.057793112545033
18.83816760647005,-10.433745918679396
18.83816760647005,-10.433745918679396
NaN,NaN
1.3378493785858154,-8.008929252624512
1.8246261609956915,-6.706057781487443
2.420572320212115,-5.383238527388577
3.1514336391586735,-4.066847487236731
4.007846873029608,-2.79512333494952
4.967462015816288,-1.5937929547265843
6.0187896228509015,-0.4654045089924068
7.153116957069033,0.5931318099886675
8.372465643720483,1.6046643114528796
9.66340642049437,2.605339128980291
11.000636606523504,3.5960925033829385
12.377029566042651,4.542000981247287
13.803900816472531,5.409500642846537
15.281909348087522,6.1858273066781475
16.798506381004124,6.871197834526032
18.33946313306052,7.477984334847419
19.893590374652355,8.000100315263374
21.466227240334483,8.43017789252508
23.06468779518786,8.744717493023966
24.69011040531924,8.90727618179605
26.35874925609013,8.890832319970245
28.06470610200872,8.64362435586352
29.772172475474495,8.119542529757318
31.418907508329767,7.270796767397552
32.940942707632985,6.084747518342833
34.32208742914161,4.6103372520135455
35.52093946147863,2.8672933230972926
36.49090565642112,0.8887067835761935
37.18963269378223,-1.283884287072748
37.576261874997854,-3.59339983681547
37.576261874997854,-3.59339983681547
NaN,NaN
1.3378206491470337,-8.008951187133789
1.8140893205320001,-6.731187406322464
2.375007213763087,-5.469438485195846
3.035597572946081,-4.225465226231009
3.801578236547719,-3.00560886220574
4.693384442553917,-1.8176932238639643
5.747217807924554,-0.7191509868791832
6.9854982305607844,0.186452745693944
8.385478759528002,0.8259452541706663
9.907475588220583,1.1289535721479609
11.46357193694173,1.0281225287252278
12.970092480648571,0.5522999497611355
14.3829563436791,-0.25018868733063704
15.632329146198487,-1.354610460488499
16.660846837114438,-2.7201098442441722
17.432966511817437,-4.302904759064265
17.916780940295336,-6.054887704820205
18.07487202713359,-7.911571018016952
17.88316796627963,-9.790273498724847
17.339284677658327,-11.602379230597986
16.458560798142543,-13.286338343045506
15.270177879081423,-14.811290956440015
13.806984053426447,-16.12409579670657
12.109722574637932,-17.18325958480046
10.2225988082726,-17.954573040908627
8.201892318566134,-18.40567009081422
6.106758241375287,-18.516352381484232
4.000828155948591,-18.276700385287572
1.944439978759966,-17.68914946287061
-0.001548784046299767,-16.76696935430131
-0.001548784046299767,-16.76696935430131
NaN,NaN
1.3378419876098633,-8.008933067321777
1.8024200505477666,-6.729837151221324
2.299769307748295,-5.455785053461636
2.8033767435528585,-4.1815241521234405
3.285051795577039,-2.919476599606308
3.7119967715867896,-1.6821465081812423
4.0369865824062945,-0.5026921572274112
4.244233980759134,0.5982510164391976
4.345654597280227,1.6312286755625094
4.354275232796526,2.576609016468926
4.275585693556573,3.400893038576716
4.128514983777492,4.095776442086354
3.9473523993014163,4.659042615026021
3.7645376076890784,5.092410098313299
3.602732449907983,5.410036693555505
3.4727127617643454,5.6391650728772476
3.373321102938567,5.804394636058001
3.309176761886309,5.908253121343092
3.2949841197571526,5.930789599556966
3.3270325301627297,5.872659386536476
3.3725339184383176,5.783635761847858
3.4137304599474243,5.692557147031042
3.447215273889319,5.606701253820853
3.4687864458283095,5.541998914867998
3.4740104464607127,5.52609948968796
3.4648463997904573,5.569186672590752
3.4481521924400487,5.663025511663555
3.4269005966239274,5.818598764808417
3.407020219310001,6.056319453731167
3.4064076421279808,6.401632166956462
3.4064076421279808,6.401632166956462
NaN,NaN
1.3376868963241577,-8.008954048156738
1.7934468116033804,-6.740833696609899
2.2733280014472124,-5.503994666182518
2.7812244972042226,-4.29267023602997
3.323543759467787,-3.088064646577827
3.9259346632753984,-1.8701569028649516
4.599277663011817,-0.628525156867862
5.339712072066173,0.6474536993929514
6.142596224723244,1.9545783877053602
7.016529923310087,3.272197173350839
7.987348948350665,4.578531031201111
9.096563924903743,5.8075617185181425
10.36353876965677,6.854939277622867
11.76318495182597,7.635686606404198
13.24343950598577,8.10112379669945
14.747803521799508,8.224553378873177
16.207015919328686,7.974622776344987
17.520812695362206,7.335727906005096
18.573995145066142,6.3641129034791435
19.276317918394412,5.165663703059359
19.553285166564184,3.841367793876941
19.438525993946264,2.5123894797815094
18.964821331539298,1.2925731850638134
18.17987149380667,0.26122069434908757
17.15382705485187,-0.5076072890058796
15.988518350721016,-0.9606866127835705
14.769006618517421,-1.0888480209619773
13.582767285364554,-0.9023164149518222
12.501104920470286,-0.43006432680483747
11.588876339636691,0.2815827409981258
11.588876339636691,0.2815827409981258
NaN,NaN
