peak_id,recording_id,ego_id,target_id,cluster_start_frame,cluster_end_frame,representative_event_id,representative_anchor_frame,num_events_in_cluster,y_cutin_max
peak_000006,1,125,126,2667,2914,cin_01_00008,2804,1,2.2875326076412006
peak_000012,1,310,308,6271,6611,cin_01_00014,6278,1,2.3261525077383864
peak_000031,1,925,926,19714,19952,cin_01_00035,19730,1,4.393144016603757
peak_000037,2,330,328,7481,7750,cin_02_00007,7502,1,2.626693874447714
peak_000062,3,432,430,11076,11380,cin_03_00009,11205,1,2.239493455098168
peak_000066,3,623,618,17101,17312,cin_03_00014,17186,1,3.561877940602671
peak_000076,4,45,44,741,1022,cin_04_00002,755,1,2.758165697791519
peak_000130,5,756,755,17442,17758,cin_05_00018,17451,1,3.0017698779782007
peak_000135,5,850,846,19395,19643,cin_05_00025,19475,1,2.480468493842742
peak_000144,5,1002,1003,23290,23531,cin_05_00035,23353,1,5.154554475673919
peak_000179,6,470,469,9813,10075,cin_06_00030,9839,1,4.042596771003013
peak_000180,6,494,493,10337,10653,cin_06_00031,10420,1,2.6049920149212658
peak_000181,6,552,553,11669,11927,cin_06_00032,11727,1,2.7529556505599366
peak_000206,6,1124,1123,24121,24367,cin_06_00061,24133,1,3.46445058361538
peak_000227,7,357,358,5794,6043,cin_07_00022,5808,1,5.186520986477204
peak_000239,7,649,647,10986,11209,cin_07_00037,11002,1,2.3743066528083365
peak_000248,7,835,831,14210,14459,cin_07_00051,14272,1,2.7800611043297234
peak_000249,7,840,838,14261,14459,cin_07_00052,14294,1,2.691456646644583
peak_000262,8,397,395,6538,6775,cin_08_00015,6557,1,2.9918700050990705
peak_000266,8,501,499,8699,8946,cin_08_00019,8706,1,2.258111557642303
peak_000270,8,580,579,10206,10525,cin_08_00023,10300,1,3.0145751740219366
peak_000272,8,589,588,10309,10607,cin_08_00026,10432,1,2.2400359578518048
peak_000287,8,868,867,14844,15142,cin_08_00041,14881,1,2.257417830861212
peak_000298,8,1150,1148,19205,19428,cin_08_00055,19242,1,2.4355964906044054
peak_000314,8,1594,1595,26911,27145,cin_08_00074,27044,1,2.623193342770779
peak_000317,9,20,18,277,509,cin_09_00001,295,1,2.573077703854624
peak_000321,9,135,134,2097,2370,cin_09_00006,2210,1,2.7150084352675004
peak_000325,9,217,218,3770,4075,cin_09_00012,3945,1,3.3124087947648886
peak_000330,9,370,369,7168,7435,cin_09_00018,7236,1,2.786781943513667
peak_000331,9,403,402,7820,8081,cin_09_00019,7844,1,2.596881368293707
peak_000335,9,494,495,9511,9812,cin_09_00024,9691,1,3.361900387402455
peak_000344,9,776,775,15019,15304,cin_09_00043,15037,1,2.5863736461027265
peak_000361,9,1257,1251,23599,23833,cin_09_00067,23727,1,3.050937026608412
peak_000363,9,1291,1290,24451,24690,cin_09_00069,24479,1,2.48893552906326
peak_000367,10,16,18,78,394,cin_10_00001,207,1,5.110743925744883
peak_000377,10,238,237,3836,4078,cin_10_00013,3866,1,2.422881822680037
peak_000378,10,256,253,4002,4315,cin_10_00014,4008,1,2.4855139168459046
peak_000384,10,410,408,6439,6667,cin_10_00025,6443,1,3.207659768657173
peak_000389,10,582,581,9477,9739,cin_10_00032,9556,1,2.4146336481898003
peak_000406,10,847,848,14685,14937,cin_10_00050,14835,1,2.4718185280928657
peak_000409,11,91,87,476,832,cin_11_00002,596,1,2.564371519494029
peak_000419,11,283,279,2136,2490,cin_11_00013,2326,1,3.4904384762316347
peak_000425,11,479,485,3807,4271,cin_11_00022,4164,1,2.390600717816862
peak_000427,11,558,555,4469,4875,cin_11_00025,4743,1,2.253934746468349
peak_000429,11,635,634,5267,5630,cin_11_00027,5490,1,3.151484794305632
peak_000432,11,748,749,6233,6585,cin_11_00030,6391,1,2.5654478442190864
peak_000449,11,1089,1090,9027,9389,cin_11_00052,9225,1,2.5977748897552697
peak_000452,11,1145,1144,9530,9925,cin_11_00054,9819,1,3.812544490219522
peak_000456,11,1199,1197,10066,10412,cin_11_00058,10079,1,2.8284573265527557
peak_000460,11,1267,1265,10792,11104,cin_11_00062,10796,1,2.580314698019564
peak_000461,11,1269,1268,10795,11082,cin_11_00063,10963,1,2.8149642201189846
peak_000462,11,1343,1344,11616,11922,cin_11_00064,11809,1,3.3149563892938425
peak_000464,11,1447,1443,12401,12750,cin_11_00066,12554,1,2.3601291866688268
peak_000469,11,1551,1549,13179,13484,cin_11_00073,13188,1,3.890049382512237
peak_000482,12,142,136,683,977,cin_12_00003,838,1,2.454322965535406
peak_000494,12,392,389,2875,3301,cin_12_00017,3068,1,2.659624893280744
peak_000521,12,1109,1106,8679,9168,cin_12_00049,8795,1,2.336634734603246
peak_000532,12,1225,1223,9832,10138,cin_12_00060,9978,1,2.372574148128135
peak_000553,12,1628,1625,13512,13874,cin_12_00081,13518,1,4.265325779632539
peak_000573,12,2146,2143,17943,18275,cin_12_00106,18066,1,2.308203729964129
peak_000581,12,2378,2379,19936,20275,cin_12_00116,20120,1,3.584632192866952
peak_000583,12,2409,2406,20172,20513,cin_12_00117,20336,1,2.534330427444613
peak_000590,13,87,86,321,604,cin_13_00003,385,1,2.470185278405604
peak_000604,13,433,438,3199,3519,cin_13_00018,3397,1,2.455127719107669
peak_000610,13,507,501,3904,4212,cin_13_00024,3985,1,2.9614382599582982
peak_000615,13,630,625,5021,5273,cin_13_00030,5116,1,2.7964946669713924
peak_000618,13,654,649,5361,5660,cin_13_00033,5485,1,2.3228034509182254
peak_000665,13,1533,1534,13773,14044,cin_13_00083,13885,1,2.2619028696308408
peak_000669,13,1604,1609,14507,14820,cin_13_00089,14665,1,3.4476464496646617
peak_000671,13,1626,1625,14650,15016,cin_13_00090,14764,1,2.2327213865063342
peak_000674,13,1660,1661,14937,15245,cin_13_00093,15012,1,2.7941716419035743
peak_000685,13,1835,1834,16425,16767,cin_13_00104,16657,1,2.361273943736995
peak_000689,13,1922,1918,17150,17511,cin_13_00109,17371,1,2.4292298715567737
peak_000691,13,2001,2000,17873,18174,cin_13_00113,17966,1,4.224102571497364
peak_000693,13,2050,2049,18431,18740,cin_13_00117,18548,1,2.230164788078466
peak_000698,13,2189,2179,19657,19971,cin_13_00125,19868,1,3.4813487486754355
peak_000711,13,2448,2451,22024,22335,cin_13_00138,22187,1,2.4851587619964084
peak_000715,13,2658,2657,23939,24305,cin_13_00143,23966,1,3.926894191017966
peak_000722,13,2772,2770,25028,25321,cin_13_00150,25101,1,3.9305459283379727
peak_000747,14,376,374,3175,3478,cin_14_00019,3330,1,2.515459881025084
peak_000752,14,454,450,3897,4196,cin_14_00023,4049,1,2.488142559401112
peak_000756,14,551,550,4682,5042,cin_14_00029,4867,1,5.202208506085069
peak_000768,14,974,973,9018,9358,cin_14_00042,9075,1,5.062266588982896
peak_000769,14,999,1000,9275,9634,cin_14_00043,9508,1,2.549848961092896
peak_000771,14,1036,1035,9555,9854,cin_14_00046,9688,1,2.253155996219739
peak_000775,14,1229,1230,11476,11787,cin_14_00054,11638,1,2.4228689255586904
peak_000778,14,1346,1345,12566,12853,cin_14_00057,12578,1,2.3425042382667884
peak_000794,14,1876,1877,18124,18424,cin_14_00078,18286,1,2.68478635651278
peak_000796,14,1919,1915,18525,18830,cin_14_00080,18721,1,2.4104897264559297
peak_000798,14,1974,1972,19212,19494,cin_14_00082,19343,1,2.320497791682356
peak_000814,14,2477,2476,24113,24448,cin_14_00102,24199,1,3.15519789658376
peak_000826,14,2713,2715,26239,26530,cin_14_00117,26428,1,3.961587887535525
peak_000828,14,2790,2789,26979,27325,cin_14_00121,27004,1,5.189654901276854
peak_000838,15,379,378,7202,7471,cin_15_00009,7253,1,2.68440119323822
peak_000847,15,817,816,16015,16339,cin_15_00018,16026,1,2.45801439350912
peak_000856,16,89,88,1764,2146,cin_16_00005,1958,1,2.3369498921227194
peak_000890,17,495,491,11190,11431,cin_17_00013,11269,1,6.633715886075242
peak_000895,17,749,746,17341,17611,cin_17_00018,17511,1,2.788993587083411
peak_000904,18,238,237,5288,5557,cin_18_00005,5319,1,2.937395878274316
peak_000916,19,111,109,2706,2984,cin_19_00007,2781,1,3.5208218227829304
peak_000925,19,320,318,7255,7582,cin_19_00017,7257,1,3.16674076318828
peak_000938,19,765,762,18585,18874,cin_19_00034,18760,1,2.608620888673308
peak_000953,20,413,410,8218,8482,cin_20_00008,8266,1,2.451921262856139
peak_000955,20,533,531,10764,11031,cin_20_00011,10928,1,2.4555003208270447
peak_000958,20,602,600,12123,12449,cin_20_00013,12136,1,2.415834954015576
peak_000974,21,167,165,3218,3546,cin_21_00003,3345,1,2.245985222882733
peak_000976,21,303,305,6265,6528,cin_21_00005,6328,1,2.447202448055709
peak_000986,21,654,653,14327,14667,cin_21_00017,14524,1,4.910299948935017
peak_001016,23,367,362,6795,7114,cin_23_00012,6952,1,2.478074642445998
peak_001018,23,434,433,7997,8278,cin_23_00014,8013,1,3.760150598310808
peak_001031,23,983,982,17361,17709,cin_23_00030,17365,1,3.581817150392886
peak_001063,24,1052,1054,19239,19579,cin_24_00031,19322,1,2.387038987160416
peak_001070,24,1182,1178,22093,22353,cin_24_00038,22244,1,3.3532364361711045
peak_001071,24,1196,1192,22275,22631,cin_24_00039,22433,1,3.1243037559566766
peak_001075,24,1276,1275,23754,24104,cin_24_00044,23767,1,2.3800462600384806
peak_001082,25,331,329,2774,3186,cin_25_00007,2776,1,2.964302385860194
peak_001096,25,878,874,8741,9438,cin_25_00024,8777,1,2.2848164975008585
peak_001110,25,1242,1243,12870,13244,cin_25_00042,12910,1,6.808933618732852
peak_001111,25,1339,1323,13888,14800,cin_25_00043,14690,1,2.434744104379639
peak_001119,25,1554,1549,16173,16540,cin_25_00053,16430,1,2.255314490114797
peak_001127,25,1950,1948,20032,20452,cin_25_00061,20060,1,3.2231865797507444
peak_001129,25,2113,2112,21726,22134,cin_25_00063,21917,1,2.222492419978778
peak_001145,25,2809,2817,29034,29460,cin_25_00081,29355,1,2.2732250036737454
peak_001147,26,115,109,301,917,cin_26_00003,339,1,4.335235574788434
peak_001156,26,219,213,1349,1881,cin_26_00011,1541,1,3.99337288929955
peak_001162,26,464,466,4153,4681,cin_26_00019,4334,1,2.2998902875369684
peak_001169,26,625,618,5905,6457,cin_26_00026,6283,1,3.126037051039802
peak_001177,26,905,904,8780,9142,cin_26_00036,8792,1,2.842894405417656
peak_001203,26,1628,1629,16371,16808,cin_26_00064,16423,1,4.452333088023681
peak_001232,26,2143,2140,21906,22373,cin_26_00096,22007,1,2.6267243458796097
peak_001247,26,2565,2563,26485,26777,cin_26_00114,26563,1,2.8679384591980503
peak_001254,27,76,72,461,741,cin_27_00002,464,1,3.214678218242475
peak_001293,27,1331,1328,14860,15152,cin_27_00050,15050,1,2.242947409924221
peak_001295,27,1349,1350,15009,15340,cin_27_00052,15213,1,2.937735892353839
peak_001297,27,1393,1391,15597,15869,cin_27_00054,15648,1,2.4201003370104446
peak_001301,27,1486,1485,16751,17023,cin_27_00058,16763,1,2.245866435236377
peak_001303,27,1577,1576,17923,18202,cin_27_00061,17964,1,2.99209625034144
peak_001317,27,2040,2041,23558,23832,cin_27_00076,23659,1,5.10640515848235
peak_001319,27,2105,2102,24470,24752,cin_27_00077,24542,1,2.955265587046484
peak_001338,28,23,11,2,266,cin_28_00001,16,1,2.550624432202414
peak_001341,28,165,162,1427,1752,cin_28_00004,1595,1,3.975471279835931
peak_001342,28,191,189,1685,2029,cin_28_00005,1859,1,2.35024482087874
peak_001350,28,332,328,3628,3913,cin_28_00013,3656,1,2.616602280570527
peak_001351,28,333,332,3632,3933,cin_28_00014,3660,1,2.663812474752311
peak_001361,28,539,540,6154,6437,cin_28_00026,6235,1,2.3514687606006026
peak_001363,28,641,642,7429,7746,cin_28_00028,7640,1,3.4520605208186947
peak_001371,28,904,899,11083,11408,cin_28_00037,11088,1,2.400124655221023
peak_001386,28,1257,1254,15896,16214,cin_28_00055,15911,1,3.563510909433535
peak_001418,28,2120,2118,27459,27747,cin_28_00089,27545,1,2.305474344528088
peak_001425,28,2202,2204,28532,28836,cin_28_00097,28609,1,2.6032433972969744
peak_001436,29,77,79,627,936,cin_29_00004,831,1,2.284002542528847
peak_001445,29,300,295,3462,3717,cin_29_00015,3532,1,2.4181410697195997
peak_001446,29,319,318,3710,4036,cin_29_00016,3814,1,2.555473663475005
peak_001458,29,563,559,6790,7094,cin_29_00029,6864,1,2.279546746135785
peak_001466,29,650,648,8206,8491,cin_29_00035,8389,1,2.2260901817316547
peak_001487,29,1204,1205,15651,15958,cin_29_00060,15852,1,2.4949303185415785
peak_001492,29,1436,1437,18797,19102,cin_29_00068,18933,1,2.6561559370756624
peak_001508,29,2112,2108,27232,27517,cin_29_00089,27298,1,3.357076179513427
peak_001509,29,2127,2126,27482,27791,cin_29_00090,27506,1,2.740010205989473
peak_001538,30,546,548,6272,6611,cin_30_00030,6495,1,2.90776559388313
peak_001543,30,666,662,7530,7808,cin_30_00035,7688,1,2.493471101025543
peak_001547,30,749,743,8707,9000,cin_30_00039,8726,1,2.2339339715573687
peak_001552,30,835,836,10002,10311,cin_30_00047,10101,1,2.633093253031803
peak_001574,30,1401,1399,16327,16639,cin_30_00072,16377,1,2.4721183827525537
peak_001587,30,1870,1872,21944,22243,cin_30_00085,22112,1,2.2626524708849822
peak_001591,30,1927,1922,22668,22924,cin_30_00089,22806,1,2.260374753948669
peak_001612,30,2241,2240,26662,26958,cin_30_00111,26670,1,4.4564495273974565
peak_001646,31,670,671,8318,8624,cin_31_00034,8484,1,2.411845066683517
peak_001648,31,730,729,9037,9433,cin_31_00037,9126,1,2.7828506209689348
peak_001651,31,831,830,10068,10371,cin_31_00040,10135,1,2.814686765165692
peak_001666,31,1252,1254,15160,15468,cin_31_00060,15332,1,2.4781472470936787
peak_001720,32,144,145,1865,2157,cin_32_00008,1913,1,3.824359328610551
peak_001728,32,395,393,5281,5624,cin_32_00017,5329,1,2.4839816921001137
peak_001743,32,698,694,9334,9649,cin_32_00035,9505,1,2.36400495208672
peak_001745,32,763,761,10419,10707,cin_32_00037,10495,1,2.701290539033917
peak_001771,32,1285,1283,17928,18222,cin_32_00065,17971,1,2.379189956888559
peak_001773,32,1295,1292,18040,18312,cin_32_00067,18096,1,3.0427310123812017
peak_001777,32,1355,1350,18695,19014,cin_32_00071,18860,1,2.518083912127629
peak_001788,33,244,238,2485,2817,cin_33_00012,2546,1,3.3920714006134483
peak_001795,33,412,411,4536,4828,cin_33_00021,4547,1,5.595312737600263
peak_001796,33,428,426,4700,4998,cin_33_00022,4702,1,2.339037043117235
peak_001799,33,522,523,6211,6488,cin_33_00025,6382,1,3.270835165211079
peak_001812,33,816,812,9797,10077,cin_33_00039,9974,1,3.1621931414116022
peak_001822,33,1048,1049,12686,12987,cin_33_00051,12837,1,2.2540838661793585
peak_001823,33,1055,1047,12742,13054,cin_33_00050,12811,1,2.331198885350573
peak_001838,33,1562,1561,19077,19421,cin_33_00070,19205,1,2.8344501544463814
peak_001875,34,328,326,3954,4228,cin_34_00015,3965,1,2.749324783817292
peak_001880,34,463,465,5740,6041,cin_34_00022,5877,1,2.9486064584163696
peak_001897,34,685,682,8094,8412,cin_34_00041,8310,1,2.7822861031644326
peak_001899,34,744,740,8794,9117,cin_34_00043,8819,1,2.3775404079889086
peak_001902,34,839,838,9830,10137,cin_34_00047,9915,1,2.3338969683369486
peak_001908,34,985,984,11729,12035,cin_34_00054,11786,1,3.112432979242331
peak_001919,34,1445,1444,17155,17463,cin_34_00065,17284,1,2.2641844170298637
peak_001925,34,1571,1574,18478,18842,cin_34_00073,18598,1,2.4964512598293624
peak_001937,35,101,96,1013,1334,cin_35_00005,1219,1,3.825907157089143
peak_001939,35,163,162,1713,2000,cin_35_00007,1753,1,2.977409975875683
peak_001944,35,394,392,4746,5084,cin_35_00014,4860,1,2.863884641859992
peak_001945,35,405,404,4934,5220,cin_35_00015,5120,1,5.689501574623204
peak_001948,35,420,417,5130,5430,cin_35_00017,5152,1,2.551031542370923
peak_001969,35,785,784,10464,10755,cin_35_00041,10466,1,3.133178030134336
peak_001981,35,971,972,12768,13060,cin_35_00054,12862,1,2.765019319073575
peak_001986,35,1129,1122,14934,15211,cin_35_00060,15025,1,2.7687921088835368
peak_001994,35,1353,1356,18348,18645,cin_35_00072,18536,1,2.366187012682285
peak_001997,35,1429,1431,19376,19659,cin_35_00076,19530,1,2.502556636001265
peak_002020,36,369,364,3716,4034,cin_36_00012,3904,1,2.2372406641889397
peak_002022,36,394,396,4018,4381,cin_36_00014,4145,1,2.801136848514398
peak_002034,36,638,642,7139,7474,cin_36_00027,7275,1,3.617505082793116
peak_002036,36,694,696,7777,8067,cin_36_00029,7942,1,2.414004348279245
peak_002039,36,822,821,9211,9507,cin_36_00032,9307,1,2.2526376390190817
peak_002046,36,1103,1102,12851,13147,cin_36_00042,12896,1,3.5645343144894728
peak_002065,36,1563,1560,18703,19008,cin_36_00065,18707,1,2.3652204000282637
peak_002070,36,1688,1687,20224,20564,cin_36_00070,20239,1,2.756485533732511
peak_002073,36,1731,1730,20770,21079,cin_36_00076,20898,1,2.222414583442515
peak_002078,36,1899,1898,22830,23108,cin_36_00081,22833,1,2.5691805612700893
peak_002083,36,2070,2066,25011,25420,cin_36_00087,25310,1,2.5246458002401493
peak_002096,36,2427,2424,29708,30067,cin_36_00104,29794,1,2.223922627360124
peak_002116,37,545,551,7461,7824,cin_37_00021,7651,1,2.2515170158785685
peak_002117,37,563,562,7607,7922,cin_37_00022,7693,1,4.140785830658034
peak_002151,37,1450,1449,19690,19961,cin_37_00064,19699,1,4.872785363650547
peak_002182,38,234,232,2792,3102,cin_38_00013,2904,1,2.87047476706054
peak_002184,38,283,284,3480,3808,cin_38_00017,3640,1,2.589542305405017
peak_002186,38,354,349,4322,4617,cin_38_00018,4418,1,2.2494194699617656
peak_002191,38,458,459,5531,5833,cin_38_00024,5731,1,3.5716942152735105
peak_002206,38,830,828,10133,10441,cin_38_00041,10172,1,2.451317989450541
peak_002219,38,1242,1240,15181,15504,cin_38_00055,15208,1,2.6033694230673694
peak_002231,38,1670,1676,20103,20425,cin_38_00070,20266,1,2.567373792000538
peak_002234,38,1758,1753,21224,21523,cin_38_00074,21372,1,2.9126894255113585
peak_002252,38,2164,2162,26328,26622,cin_38_00095,26345,1,3.940276463883223
peak_002261,38,2297,2296,28041,28341,cin_38_00104,28044,1,2.334258819270299
peak_002273,39,271,272,3777,4082,cin_39_00012,3959,1,2.649733232370546
peak_002289,39,708,710,10260,10535,cin_39_00031,10415,1,3.877238747768563
peak_002301,39,973,974,13954,14238,cin_39_00048,14028,1,2.424898365067309
peak_002302,39,996,993,14197,14485,cin_39_00049,14285,1,3.865751582062622
peak_002307,39,1093,1089,15282,15618,cin_39_00055,15375,1,2.4463058763061296
peak_002324,39,1565,1563,21632,21932,cin_39_00076,21650,1,2.493073399039193
peak_002349,39,2157,2156,29271,29573,cin_39_00108,29344,1,2.6464424213171736
peak_002358,40,142,138,1589,1859,cin_40_00010,1702,1,2.293540673018883
peak_002363,40,309,307,3527,3826,cin_40_00017,3589,1,3.05944696128102
peak_002372,40,563,562,6593,6893,cin_40_00027,6754,1,3.7251537427155705
peak_002380,40,805,806,9141,9447,cin_40_00037,9318,1,3.5569112077638283
peak_002405,40,1592,1594,19099,19401,cin_40_00070,19253,1,2.367498084137442
peak_002409,40,1617,1616,19448,19721,cin_40_00073,19466,1,2.6553003718268524
peak_002413,40,1770,1767,21617,21836,cin_40_00077,21694,1,2.5095805192489937
peak_002422,40,1995,1996,24259,24561,cin_40_00088,24456,1,3.246835400413545
peak_002429,40,2144,2143,25936,26239,cin_40_00099,25940,1,2.4880552212524587
peak_002444,41,239,238,2636,2922,cin_41_00007,2641,1,3.3289787521372496
peak_002446,41,259,257,2807,3131,cin_41_00009,2987,1,4.747670838480463
peak_002458,41,547,544,6266,6576,cin_41_00024,6351,1,2.6378979213439835
peak_002463,41,633,632,7285,7585,cin_41_00028,7338,1,2.3674709528468085
peak_002468,41,806,805,9146,9437,cin_41_00034,9182,1,2.719022082778624
peak_002472,41,845,844,9621,10002,cin_41_00038,9893,1,2.4571869567269937
peak_002475,41,865,866,9867,10168,cin_41_00041,10056,1,3.9748691699584295
peak_002477,41,872,873,9933,10244,cin_41_00043,10103,1,3.90346151518671
peak_002478,41,940,938,10671,10926,cin_41_00045,10729,1,2.643964757399889
peak_002498,41,1419,1416,16155,16449,cin_41_00066,16308,1,2.6056795545888045
peak_002503,41,1559,1558,17641,17937,cin_41_00071,17672,1,2.7501810720657853
peak_002513,41,1750,1752,20136,20408,cin_41_00082,20306,1,2.81553685811248
peak_002516,41,1925,1922,22553,22868,cin_41_00086,22595,1,3.086285023821666
peak_002523,41,2144,2143,25056,25357,cin_41_00096,25169,1,2.70613511181581
peak_002528,41,2260,2259,26502,26776,cin_41_00101,26571,1,3.8641869758935914
peak_002530,41,2293,2292,27004,27278,cin_41_00103,27009,1,3.0055620677901755
peak_002545,42,350,351,3308,3603,cin_42_00014,3489,1,2.9496984215325317
peak_002546,42,356,355,3376,3664,cin_42_00016,3405,1,2.981385627288597
peak_002555,42,648,649,6523,6809,cin_42_00026,6683,1,2.422468707595949
peak_002559,42,751,744,7646,7958,cin_42_00032,7761,1,2.403772139130421
peak_002561,42,764,769,7847,8083,cin_42_00034,7854,1,5.143760956354619
peak_002571,42,1110,1113,11868,12152,cin_42_00046,12049,1,3.886632363218252
peak_002572,42,1117,1115,11908,12246,cin_42_00047,12089,1,4.537391001926106
peak_002573,42,1125,1117,11961,12258,cin_42_00048,12015,1,2.643886104709014
peak_002580,42,1545,1546,16463,16742,cin_42_00059,16593,1,2.711833481525112
peak_002586,42,1694,1692,18310,18613,cin_42_00067,18499,1,2.4887289140342634
peak_002592,42,1915,1916,21041,21328,cin_42_00074,21196,1,5.2076578369195525
peak_002616,43,445,443,5059,5360,cin_43_00012,5233,1,3.402270450183124
peak_002627,43,793,789,9399,9673,cin_43_00029,9454,1,2.979548617708113
peak_002637,43,946,947,11177,11462,cin_43_00040,11341,1,3.015835110187827
peak_002644,43,1144,1143,13161,13457,cin_43_00047,13327,1,3.117471254981932
peak_002651,43,1412,1413,15893,16214,cin_43_00057,16101,1,2.308354172864155
peak_002676,43,1953,1952,22040,22316,cin_43_00085,22137,1,5.253479438018746
peak_002682,43,2013,2005,22734,23040,cin_43_00090,22929,1,2.423952220674912
peak_002686,43,2069,2068,23272,23551,cin_43_00096,23357,1,2.2506914294614826
peak_002693,43,2227,2221,24824,25203,cin_43_00104,24911,1,3.172567295535044
peak_002710,44,315,312,3370,3677,cin_44_00017,3575,1,2.6351472552596693
peak_002713,44,405,399,4306,4620,cin_44_00020,4467,1,2.539479712585895
peak_002719,44,573,572,6129,6414,cin_44_00027,6158,1,2.5387074839172774
peak_002720,44,579,578,6251,6540,cin_44_00028,6295,1,2.451470455096889
peak_002732,44,909,908,10200,10489,cin_44_00041,10282,1,3.76196292123152
peak_002735,44,957,953,10655,10945,cin_44_00044,10824,1,3.873817526298637
peak_002740,44,1038,1039,11673,11973,cin_44_00049,11835,1,4.299385740926702
peak_002742,44,1115,1118,12850,13144,cin_44_00051,13014,1,2.484299535010189
peak_002764,44,1716,1720,19841,20122,cin_44_00075,20016,1,2.5937189962754883
peak_002766,44,1802,1801,20928,21191,cin_44_00078,20935,1,2.586337085141432
peak_002782,44,2357,2351,26741,27111,cin_44_00096,26745,1,2.3989210335341453
peak_002785,44,2422,2423,27877,28166,cin_44_00099,27941,1,5.201786769846309
peak_002786,44,2485,2487,28617,28910,cin_44_00101,28793,1,2.852176168953053
peak_002787,44,2493,2492,28708,29000,cin_44_00102,28885,1,2.653260135302069
peak_002791,45,56,54,274,536,cin_45_00003,307,1,2.5026678881019
peak_002796,45,137,136,1344,1641,cin_45_00009,1365,1,2.433902182897132
peak_002797,45,154,153,1521,1821,cin_45_00011,1533,1,2.5743843531952546
peak_002798,45,171,168,1753,2046,cin_45_00012,1945,1,4.503598481157149
peak_002822,45,819,817,9464,9794,cin_45_00043,9621,1,2.7757571194381967
peak_002823,45,832,830,9586,9866,cin_45_00044,9595,1,2.41565998157574
peak_002830,45,1063,1064,11966,12267,cin_45_00055,12119,1,2.4377734585289
peak_002833,45,1103,1102,12485,12792,cin_45_00058,12659,1,3.628702701692686
peak_002851,45,1495,1496,17158,17419,cin_45_00079,17303,1,2.5855625821825323
peak_002852,45,1565,1564,17846,18181,cin_45_00080,17945,1,5.180312880702905
peak_002865,45,1899,1895,22032,22341,cin_45_00095,22150,1,2.273384344847547
peak_002881,45,2287,2284,26031,26311,cin_45_00114,26117,1,2.512194287442388
peak_002903,46,461,463,4896,5317,cin_46_00017,5098,1,2.735145800956132
peak_002918,46,993,992,10801,11117,cin_46_00037,10943,1,2.796642804167246
peak_002922,46,1150,1147,12487,12774,cin_46_00041,12659,1,2.900394121432804
peak_002928,46,1348,1352,14454,14730,cin_46_00050,14533,1,2.3248999846338854
peak_002938,46,1703,1700,17810,18153,cin_46_00060,17844,1,2.4729311124492503
peak_002939,46,1728,1727,18079,18443,cin_46_00062,18309,1,3.2120364257347216
peak_002944,46,2195,2192,22717,23073,cin_46_00069,22845,1,3.2686528996615123
peak_003006,47,1689,1687,17173,17453,cin_47_00052,17203,1,2.5979015711330846
peak_003021,47,2094,2095,21395,21689,cin_47_00067,21565,1,3.213317870416008
peak_003022,47,2117,2118,21591,21868,cin_47_00068,21743,1,2.7705996083424
peak_003032,47,2427,2426,24899,25164,cin_47_00081,24900,1,3.6382262998466217
peak_003041,48,149,147,1376,1636,cin_48_00009,1488,1,2.529251877604749
peak_003052,48,479,476,4825,5108,cin_48_00020,4874,1,2.406878578324904
peak_003056,48,724,722,7875,8181,cin_48_00028,8076,1,2.3097192164505267
peak_003076,48,1354,1351,14402,14693,cin_48_00054,14408,1,3.2302329967052
peak_003080,48,1447,1448,15498,15782,cin_48_00058,15568,1,2.748293570729231
peak_003096,48,2037,2036,21754,22048,cin_48_00077,21852,1,2.567840127837512
peak_003097,48,2043,2044,21858,22148,cin_48_00078,21955,1,2.2428431633146158
peak_003103,48,2115,2116,22792,23088,cin_48_00085,22934,1,3.451175380560548
peak_003115,48,2408,2409,26243,26526,cin_48_00097,26364,1,3.600961434829634
peak_003138,49,444,442,5180,5462,cin_49_00021,5214,1,2.4596175634916517
peak_003149,49,825,824,9806,10094,cin_49_00035,9816,1,2.420371192436478
peak_003160,49,1261,1257,15668,15935,cin_49_00047,15707,1,3.16805805146118
peak_003172,49,1719,1720,21419,21796,cin_49_00061,21568,1,2.719664583880214
peak_003174,49,1747,1745,21617,21992,cin_49_00063,21882,1,3.258127936244608
peak_003186,50,251,241,3164,3440,cin_50_00006,3282,1,2.7397261582618646
peak_003188,50,275,276,3654,3954,cin_50_00008,3783,1,2.4202273345186187
peak_003197,50,689,688,9059,9320,cin_50_00019,9079,1,2.3830777433901265
peak_003212,50,1096,1094,14145,14400,cin_50_00037,14283,1,3.495566550662012
peak_003225,50,1453,1451,18518,18811,cin_50_00053,18655,1,3.392726096236352
peak_003230,50,1566,1564,20037,20288,cin_50_00059,20081,1,2.282031072409616
peak_003231,50,1568,1567,20043,20324,cin_50_00060,20085,1,2.403509889130275
peak_003238,50,1727,1728,22091,22363,cin_50_00068,22230,1,3.909511150129268
peak_003245,50,1939,1937,24753,25044,cin_50_00076,24925,1,2.6689248310969984
peak_003258,50,2177,2178,27588,27871,cin_50_00090,27708,1,3.326925082091918
peak_003310,51,1344,1343,16144,16426,cin_51_00055,16146,1,2.3293838921061627
peak_003348,52,273,272,2970,3277,cin_52_00012,3016,1,2.3789034956768536
peak_003350,52,324,322,3563,3844,cin_52_00014,3642,1,2.300695541065758
peak_003352,52,398,397,4384,4664,cin_52_00018,4486,1,2.7716950609164117
peak_003364,52,653,651,7557,7846,cin_52_00031,7651,1,2.509378277695971
peak_003371,52,942,944,11258,11535,cin_52_00039,11370,1,2.41701354588868
peak_003399,52,1927,1929,23077,23363,cin_52_00073,23249,1,2.5150377177627887
peak_003414,53,310,311,3636,3965,cin_53_00013,3742,1,2.8198039445886307
peak_003418,53,367,364,4307,4577,cin_53_00017,4466,1,2.929776328571479
peak_003454,53,1668,1665,18161,18483,cin_53_00063,18163,1,2.6052058800851388
peak_003460,53,1887,1892,20483,20790,cin_53_00070,20635,1,3.114454624960474
peak_003473,53,2379,2376,25675,25964,cin_53_00086,25781,1,2.8847742807467336
peak_003479,54,96,91,919,1191,cin_54_00007,1020,1,3.3152156030507323
peak_003485,54,239,240,2551,2802,cin_54_00014,2600,1,2.2828929076155973
peak_003489,54,280,282,3069,3382,cin_54_00018,3258,1,2.4061192552769644
peak_003493,54,306,303,3318,3595,cin_54_00022,3325,1,2.237394988413266
peak_003501,54,419,418,4611,4924,cin_54_00030,4611,1,2.424136690400092
peak_003505,54,497,492,5516,5788,cin_54_00034,5547,1,2.4992814985839384
peak_003506,54,606,600,6616,6835,cin_54_00035,6713,1,2.268965976687035
peak_003510,54,659,661,7352,7646,cin_54_00040,7461,1,2.5016660570423688
peak_003535,54,1203,1201,13449,13739,cin_54_00067,13621,1,2.242803792705009
peak_003536,54,1225,1226,13734,14007,cin_54_00068,13802,1,3.424560986440271
peak_003538,54,1311,1308,14569,14840,cin_54_00072,14704,1,2.52505526245025
peak_003545,54,1443,1446,16057,16344,cin_54_00079,16187,1,3.474537478339891
peak_003557,54,1761,1760,19796,20088,cin_54_00092,19859,1,3.564538009069864
peak_003574,54,2315,2314,26456,26754,cin_54_00116,26651,1,2.8718087729136106
peak_003575,55,68,64,449,738,cin_55_00001,477,1,2.620452211109742
peak_003580,55,264,263,2587,2873,cin_55_00006,2683,1,2.3118199863170084
peak_003593,55,550,549,5856,6105,cin_55_00021,5874,1,2.9608800409837053
peak_003595,55,623,617,6876,7157,cin_55_00023,6910,1,2.62656863985511
peak_003598,55,795,794,8893,9179,cin_55_00027,9040,1,2.8015457914112747
peak_003622,55,1502,1500,17339,17610,cin_55_00057,17368,1,2.9257771231522387
peak_003633,55,1874,1875,21915,22218,cin_55_00071,22012,1,2.6229038147215658
peak_003637,55,2147,2151,25821,26139,cin_55_00077,25950,1,2.6294526844835704
peak_003641,56,39,32,229,505,cin_56_00003,325,1,2.6122103169440063
peak_003670,56,884,883,11552,11868,cin_56_00039,11635,1,3.747666993129146
peak_003676,56,1077,1075,13960,14279,cin_56_00046,13992,1,2.333657362239353
peak_003677,56,1148,1149,14939,15228,cin_56_00047,15116,1,2.299350442671201
peak_003680,56,1217,1216,15718,15982,cin_56_00050,15814,1,2.56802915212441
peak_003689,56,1443,1445,19179,19459,cin_56_00059,19349,1,3.018530386813291
peak_003693,56,1475,1472,19515,19846,cin_56_00064,19676,1,3.131822490462142
peak_003696,56,1511,1508,19930,20254,cin_56_00067,20066,1,2.4579501365021605
peak_003698,56,1558,1560,20536,20817,cin_56_00070,20708,1,3.201613060751153
peak_003704,56,1768,1763,23273,23520,cin_56_00077,23397,1,3.804510427316866
peak_003719,57,384,381,5511,5758,cin_57_00015,5651,1,2.523733129421738
peak_003725,57,700,697,9999,10239,cin_57_00023,10061,1,2.462064327214573
peak_003729,57,778,775,11006,11293,cin_57_00027,11025,1,2.299564079309881
peak_003730,57,792,790,11210,11477,cin_57_00028,11235,1,3.452508823400132
peak_003738,57,912,911,12872,13150,cin_57_00039,12983,1,2.7562475351829923
peak_003761,57,1663,1664,23136,23389,cin_57_00064,23250,1,2.690529719702292
peak_003763,57,1698,1696,23662,23949,cin_57_00067,23737,1,2.849149051001863
peak_003780,58,241,243,2851,3126,cin_58_00010,3013,1,4.2295821086054
peak_003784,58,291,292,3524,3850,cin_58_00015,3655,1,2.453964057424091
peak_003821,59,323,324,4895,5156,cin_59_00021,5034,1,2.3634159182831787
peak_003835,60,76,78,1005,1273,cin_60_00005,1125,1,4.629067847246731
peak_003869,60,699,692,10895,11187,cin_60_00041,11085,1,2.408072434135437
peak_003897,60,1294,1292,21135,21398,cin_60_00078,21232,1,2.549493048337212
