tgp,rt,inv_ttc,a_min,vel
0.4984000027179718,0.8779965495015161,0.47996767211054286,-5.22786283493042,25.0
0.4984000027179718,0.9658412936881844,0.5736169188033375,-4.115584373474121,25.0
0.9983999729156494,0.6383304401462893,0.1592541865898727,-4.302981376647949,25.0
0.9983999729156494,1.415071313282488,0.4530945426520056,-6.015348434448242,25.0
0.9983999729156494,0.8941185998317354,0.23431121185602494,-7.072380542755127,25.0
0.9983999729156494,0.8988760752103413,0.2325105214330659,-1.7137322425842285,25.0
0.9983999729156494,1.1859564568931131,0.310352438004236,-6.583694934844971,25.0
0.9979999661445618,0.7134814673915357,0.22675546466719082,-6.886957168579102,20.0
0.9979999661445618,1.2081135920295523,0.44413347958877936,-4.441183090209961,20.0
0.9979999661445618,0.8512781278050208,0.27230310771133454,-5.145996570587158,20.0
0.9979999661445618,0.9566452713752462,0.2942455926869016,-7.522982597351074,20.0
0.9979999661445618,0.7675988025696161,0.24891577753192937,-5.642817497253418,20.0
0.9979999661445618,0.6786289826055192,0.21445934792866636,-5.889264106750488,20.0
0.9979999661445618,0.7733014682775534,0.2515058702791508,-0.937636137008667,20.0
0.9979999661445618,0.9790152816899393,0.34733576033532687,-3.3533425331115723,20.0
0.9979999661445618,0.7931260828360933,0.26094496339448314,-3.0380377769470215,20.0
0.9979999661445618,0.8749922543891946,0.2755870800572197,-4.560516834259033,20.0
0.9979999661445618,0.6724347921015483,0.21241218281666557,-4.058518886566162,20.0
0.9979999661445618,1.008338014842357,0.32187629099601595,-6.74315071105957,20.0
0.9973333477973938,0.5680408967711681,0.2385748424579175,-5.394599914550781,15.0
0.9973333477973938,0.6963642415025111,0.3022592339781654,-5.392277717590332,15.0
1.4983999729156494,1.0425203240004357,0.17551312360903532,-5.191219329833984,25.0
1.4983999729156494,1.0353573267629026,0.1743281473121772,-5.8752970695495605,25.0
1.4983999729156494,1.0836354218243516,0.17881165054500292,-7.257390022277832,25.0
1.4983999729156494,0.8278143724641012,0.1394595803748679,-3.4572806358337402,25.0
1.4983999729156494,1.1917439415600675,0.2205861540676343,-6.038921356201172,25.0
1.4983999729156494,0.864679932330801,0.14638898191546523,-5.496758937835693,25.0
1.4983999729156494,1.2092775354352894,0.22444041857911728,-2.4804253578186035,25.0
1.497999906539917,0.27847645334188087,0.05024516847608663,-6.040867805480957,20.0
1.497999906539917,1.052157243771976,0.2270781572410791,-4.318753719329834,20.0
1.497999906539917,0.8528579013948259,0.18229681671841727,-3.365926742553711,20.0
1.497999906539917,1.079912796828042,0.2328352272510897,-5.244895935058594,20.0
1.497999906539917,1.0139443321516726,0.22270065965076086,-4.6684722900390625,20.0
1.497999906539917,1.0509074499867561,0.22543673601726108,-5.163117408752441,20.0
1.497999906539917,1.142899909655366,0.25174823819061365,-3.871530055999756,20.0
1.497999906539917,0.8446968993372448,0.1805297347867497,-5.598217010498047,20.0
1.497999906539917,1.2626788100841255,0.288747332801728,-6.717747688293457,20.0
1.497999906539917,0.965124635778589,0.21066337166411023,-5.162085056304932,20.0
1.497999906539917,1.0395405563618958,0.2242561016183981,-5.347162246704102,20.0
1.497999906539917,0.894117624371455,0.1917878485449626,-6.042436599731445,20.0
1.497999906539917,1.215056150123974,0.26999046649607006,-4.86345911026001,20.0
1.497999906539917,1.1444580004135587,0.23868409837076904,-7.634363174438477,20.0
1.497333288192749,0.7496215137090887,0.21330121590749745,-5.397583961486816,15.0
1.497333288192749,0.9033390173152918,0.26680480147922303,-5.325390815734863,15.0
1.497333288192749,0.7965464344676998,0.23258811605739654,-4.05397367477417,15.0
1.497333288192749,1.080237910747403,0.324954353213833,-5.025096893310547,15.0
1.497333288192749,0.7869694916486227,0.22837368925547527,-4.221090793609619,15.0
1.9983998537063599,1.1637166155205023,0.1507736706418886,-4.3324761390686035,25.0
1.9983998537063599,1.2889192322103382,0.16798892930652232,-4.698945045471191,25.0
1.9983998537063599,1.2481240372998303,0.16053649015445554,-3.673888683319092,25.0
1.9983998537063599,1.3463271490591218,0.17910089335557824,-3.842419147491455,25.0
1.997999906539917,1.0850494040132623,0.17695219717379157,-5.573453903198242,20.0
1.997999906539917,1.1189334174540149,0.18344557565906647,-4.645898818969727,20.0
1.997999906539917,1.1759658604734637,0.19552204099356024,-4.718828201293945,20.0
1.997999906539917,1.2696401912347246,0.20677247589976416,-4.596518039703369,20.0
1.997999906539917,0.7599122371353453,0.11775275354138669,-6.199999809265137,20.0
1.997999906539917,1.1395305852552202,0.1876310290357429,-5.84201717376709,20.0
1.997999906539917,1.3955840114722353,0.22797703106294484,-4.541823863983154,20.0
1.997999906539917,1.6043022603070771,0.29449355240295555,-4.125086784362793,20.0
1.997999906539917,1.4232408317570548,0.2430164310507984,-4.053218841552734,20.0
1.997999906539917,1.13304187422425,0.18662132788801988,-6.199999809265137,20.0
1.997999906539917,1.199925657695025,0.20108319315057688,-6.199999809265137,20.0
1.997333288192749,1.277208267321426,0.2962267084821818,-5.614351272583008,15.0
1.997333288192749,1.085714408062928,0.24411845126914988,-3.0700628757476807,15.0
1.997333288192749,1.2755736591615758,0.2924296416537504,-5.209060192108154,15.0
1.997333288192749,1.2193588743172696,0.2821916498761796,-5.389452934265137,15.0
1.997333288192749,1.2849423248343717,0.28576888749422336,-6.199999809265137,15.0
1.997333288192749,1.4316996687489592,0.3300100589935969,-6.55735969543457,15.0
2.4983997344970703,1.3284913121535393,0.1387055233727579,-5.200711727142334,25.0
2.4983997344970703,1.6430879197098907,0.17726822570598558,-4.279666423797607,25.0
2.4983997344970703,1.8558642243020385,0.21354026741883209,-5.561148643493652,25.0
2.4983997344970703,2.026087548189383,0.23191967791331222,-4.216193675994873,25.0
2.497999668121338,1.6344412008618112,0.22837987814055985,-6.199999809265137,20.0
2.497999668121338,1.2977734680581678,0.1720360637243949,-5.442194938659668,20.0
2.497999668121338,1.4293564727694694,0.1916510151868725,-4.7955098152160645,20.0
2.497999668121338,1.362758332885537,0.18292510827149933,-4.678838729858398,20.0
2.497999668121338,1.2962776781145007,0.171800736989719,-6.199999809265137,20.0
2.497999668121338,1.5540016359293853,0.21005323406743903,-6.518718719482422,20.0
2.497999668121338,1.4269523558270005,0.19299807843357814,-6.9587907791137695,20.0
2.497999668121338,1.2375770056469857,0.16304564766600332,-4.491290092468262,20.0
2.497999668121338,1.2368592347556147,0.162944112379874,-6.23074197769165,20.0
2.497999668121338,1.4000730995763544,0.18981898430347732,-6.240063190460205,20.0
2.497999668121338,1.1213180627131971,0.14454623560592467,-3.7189722061157227,20.0
2.497999668121338,1.4421484031054612,0.1943533758751508,-2.641258716583252,20.0
2.497333288192749,1.2361856631851678,0.22204353026711887,-4.070494174957275,15.0
2.497333288192749,1.1700890929032104,0.20877046275484637,-5.771385192871094,15.0
2.497333288192749,1.2609098896949138,0.22524299132130696,-4.700371742248535,15.0
2.497333288192749,1.1125716737944527,0.19569117551283458,-3.9862451553344727,15.0
2.9983999729156494,2.082993220112403,0.19767436421181914,-4.871170997619629,25.0
2.9983999729156494,2.0272557514169804,0.1916937641382986,-5.715628623962402,25.0
2.9983999729156494,2.14807208548977,0.20543859651154797,-3.235455274581909,25.0
2.9983999729156494,1.888779844682227,0.17566524149427357,-4.902842998504639,25.0
2.9983999729156494,1.6011412773345974,0.1428848123516722,-3.7604570388793945,25.0
2.997999668121338,1.8564616422959792,0.22083903640307143,-7.293603420257568,20.0
2.997999668121338,1.83192277273109,0.21752285254783144,-6.9827165603637695,20.0
2.997999668121338,2.1000000693059135,0.2689381962981313,-4.067173004150391,20.0
2.997999668121338,1.9039456602717555,0.22024301161206855,-6.519330978393555,20.0
2.997999668121338,1.9047601738475295,0.2198191079976413,-6.007423400878906,20.0
2.997999668121338,1.6887628192367916,0.19618125510851536,-5.266279697418213,20.0
2.997999668121338,1.6888094058757879,0.19618824351798306,-5.307151794433594,20.0
2.997999668121338,1.9895131418942003,0.2381270422850444,-4.825464248657227,20.0
2.997999668121338,1.8929088499561841,0.22545389162150425,-6.932673931121826,20.0
2.997333288192749,1.6253054154579554,0.2591728042696824,-4.766278266906738,15.0
2.997333288192749,1.6969286406246498,0.2663815771449487,-4.804826736450195,15.0
2.997333288192749,1.6373381604531445,0.2596852734597835,-5.938754081726074,15.0
2.997333288192749,1.6643405592922578,0.26263013225095466,-5.048195838928223,15.0
2.997333288192749,1.6287951500541362,0.2610659279582526,-4.480098247528076,15.0
2.997333288192749,1.510000002752135,0.23617609106785523,-6.199999809265137,15.0
2.997333288192749,1.6583661469065027,0.2644958206573994,-4.904692649841309,15.0
3.4983999729156494,2.315384623083447,0.1940006485425675,-4.295467376708984,25.0
3.4983999729156494,2.460471668324497,0.20840510470004975,-4.692841529846191,25.0
3.4983999729156494,2.4852039600783904,0.2093071407517275,-5.804942607879639,25.0
3.497999906539917,1.8634519595239707,0.1871894820288004,-4.122091293334961,20.0
3.497999906539917,2.1000004610592287,0.22038237827533844,-6.324173927307129,20.0
3.497999906539917,2.1639594484810676,0.22969831255343875,-6.199999809265137,20.0
3.497999906539917,1.939533337261737,0.1974673346464133,-5.456580638885498,20.0
3.497999906539917,2.0466419737575494,0.20886916140219336,-5.519474983215332,20.0
3.497999906539917,2.307184882099077,0.2549518817498024,-6.011386871337891,20.0
3.497999906539917,2.0977331911429324,0.21474521446128528,-6.017201900482178,20.0
3.497999906539917,2.054736609037663,0.2127677521844191,-6.199999809265137,20.0
3.497999906539917,1.9954978357865014,0.20577828852644708,-4.543254375457764,20.0
3.497999906539917,1.8983706251969041,0.19177058243242173,-6.606608867645264,20.0
3.497999906539917,1.9384357311012967,0.19731100342756308,-6.142488479614258,20.0
3.497999906539917,2.035021696429342,0.21067842536092451,-5.174339294433594,20.0
3.497999906539917,2.05577991809539,0.21091207540739496,-3.8430871963500977,20.0
3.497999906539917,1.8838711528982326,0.18984137017181496,-3.1339516639709473,20.0
3.49733304977417,1.476482808163101,0.19216244791040815,-2.6693336963653564,15.0
3.49733304977417,1.669993753011415,0.22632811891500773,-6.199999809265137,15.0
3.49733304977417,1.8521520525491424,0.2582507382522232,-4.459048271179199,15.0
3.49733304977417,2.0134358483314774,0.28801675266156884,-5.263718128204346,15.0
3.49733304977417,1.7122007800873458,0.23406031673879307,-4.406210899353027,15.0
