epoch,lr,train_loss,train_action_mse_norm,val_loss,val_action_mse_norm,val_start_loss,val_start_action_mse_norm,val_roll_loss,val_roll_action_mse_norm,val_evt_tail_loss,val_evt_tail_action_mse_norm,active_closed_loop_chunks,train_state_consistency_m2,train_teacher_action_mse_norm,train_selected_xi_mean,train_mixture_nll,train_energy_score,train_diversity_penalty,train_smoothness_penalty,train_probability_entropy_penalty,train_candidate_entropy,train_responsibility_entropy,train_effective_candidates,train_probability_responsibility_l1,train_pairwise_trajectory_distance_norm,val_mixture_nll,val_energy_score,val_diversity_penalty,val_smoothness_penalty,val_probability_entropy_penalty,val_candidate_entropy,val_responsibility_entropy,val_effective_candidates,val_probability_responsibility_l1,val_pairwise_trajectory_distance_norm,val_start_mixture_nll,val_start_energy_score,val_start_diversity_penalty,val_start_smoothness_penalty,val_start_probability_entropy_penalty,val_start_candidate_entropy,val_start_responsibility_entropy,val_start_effective_candidates,val_start_probability_responsibility_l1,val_start_pairwise_trajectory_distance_norm,val_roll_mixture_nll,val_roll_energy_score,val_roll_diversity_penalty,val_roll_smoothness_penalty,val_roll_probability_entropy_penalty,val_roll_candidate_entropy,val_roll_responsibility_entropy,val_roll_effective_candidates,val_roll_probability_responsibility_l1,val_roll_pairwise_trajectory_distance_norm,val_evt_tail_mixture_nll,val_evt_tail_energy_score,val_evt_tail_diversity_penalty,val_evt_tail_smoothness_penalty,val_evt_tail_probability_entropy_penalty,val_evt_tail_candidate_entropy,val_evt_tail_responsibility_entropy,val_evt_tail_effective_candidates,val_evt_tail_probability_responsibility_l1,val_evt_tail_pairwise_trajectory_distance_norm
1,1.999306132616651e-05,0.13531585724803896,0.02505881562102384,0.24691476651888314,0.14217178511026288,0.03139531768301683,0.015677089133933942,0.256833206047382,0.14849652283003156,0.46965300007623456,0.25496234195988876,1,0.0,0.03066718757165289,6.012988853700306,0.038166670967959636,0.03313464481347049,0.016056632102740366,0.0315785882428448,0.49804541079575454,1.0115355282424787,1.0087460246639235,3.1459331633451613,0.0007659774202600233,0.18621085828257042,0.22992476409169538,0.18376138167146114,0.009964155721813335,0.023090727141162077,0.26853715581652615,1.2380519755337773,1.213002013743251,3.4099468436608094,0.008508162803771228,0.2010289168365722,0.026626696870967827,0.01986161834529297,0.024306709442115722,0.030360517090159873,0.012407859059560005,1.5032468992936836,1.5010562970558818,4.4946948658282455,0.0007522897219537526,0.15784161951793102,0.23924817859904413,0.19114465152296906,0.009248674801230598,0.02276256084439054,0.28117307861752944,1.2247922292226492,1.1985993001417106,3.3557094379923305,0.00889595669165448,0.2031882770966852,0.4494969011009074,0.38159647264329327,0.009313492860884618,0.02829984054098008,0.2932025123681804,1.2058659413275556,1.1660058642442133,3.2566012954766794,0.011535708300652495,0.2325323710911841
2,1.9972256003598153e-05,0.33596152049940514,0.09936858061517174,0.17843899658353854,0.11514682827261433,nan,nan,nan,nan,nan,nan,2,0.002483972203607877,0.19514289660028986,3.9746022333605313,0.150917631878193,0.13263142866265062,0.020306917263127087,0.029691587613089033,0.0502503642718623,1.4906612548056526,1.4835306755681155,4.447384051096667,0.003844774433336958,0.16352893542663105,0.17289781732426002,0.15169361104565202,0.023228158264747983,0.023326025431918862,0.0061351736630989254,1.564107007032839,1.5535492809194524,4.752086969883736,0.004575775092476901,0.14845216543328701,,,,,,,,,,,,,,,,,,,,,,,,,,,,,,
3,1.993761611259434e-05,0.7186284702364468,0.2649004245065509,0.17736995676858922,0.11284389319867823,nan,nan,nan,nan,nan,nan,3,0.008054286912481824,0.18186673472467058,4.137783516101721,0.3423556337038403,0.3193696406475022,0.023869927573550026,0.027653583581358776,0.00823655508870714,1.555434958865101,1.5441874444332193,4.70886211088414,0.005458302115352685,0.1564060693719984,0.171197978970115,0.14932626110321962,0.02705660758214896,0.022341268392224903,0.007936227565780336,1.5531735546262164,1.5419714999614174,4.697070688765696,0.004575938921995481,0.15215472674736072,,,,,,,,,,,,,,,,,,,,,,,,,,,,,,
4,1.988919506535624e-05,1.0934872339119666,0.4402680795441158,0.18135018095554328,0.1144766176410582,nan,nan,nan,nan,nan,nan,4,0.018063165143326947,0.16946605604846848,4.599176134731792,0.528086122592405,0.5040504335890066,0.02415545531752276,0.02561017488290835,0.007222238869657034,1.556959246664087,1.5449760449601506,4.7119840113357965,0.006060275044988664,0.15321586920043304,0.17596826553888184,0.152779535145442,0.022977064521989967,0.022657770480747595,0.0036196671220369942,1.5720405584629502,1.5589029285053748,4.777660162085019,0.004950556881524048,0.15564416467827963,,,,,,,,,,,,,,,,,,,,,,,,,,,,,,
5,1.9827067523629075e-05,1.4165455814383923,0.5955161528013666,0.18095504127166628,0.11503649663150994,0.03780212882043313,0.02003602237110798,0.1874596569122821,0.11978652035442353,0.3572762121491047,0.20730901255918532,5,0.04207147767309874,0.15463294843364897,4.705805692616747,0.6877634956743122,0.6625628360290322,0.023590538250904895,0.024396905603988554,0.0053178691209814465,1.5649614165925962,1.5525804999323392,4.747755139860064,0.006632489985860716,0.15079012187953547,0.17538231917089092,0.1521131213934748,0.02441835393196375,0.020942447812359214,0.003588264978471189,1.5676872809974747,1.5548734776813988,4.757540091267273,0.004968022588592385,0.1541730505544893,0.03248932068175446,0.025496315664785836,0.02614624331537746,0.04040204310079115,0.014637756405413286,1.5408263883835482,1.5378312967401488,4.670621878640347,0.000932784418005221,0.15870753538408677,0.18188015342202896,0.157832759399267,0.024333606114689297,0.01998836562791625,0.0030250254189115315,1.5690303239524304,1.5557255880809477,4.761885988108738,0.005169784430980442,0.1539463425490753,0.35063115744355117,0.30872129501327134,0.02021953631731061,0.026401001853655865,0.005218108977418789,1.548713732136186,1.5227104886763903,4.618707600265522,0.007799720468068982,0.18431942285376304
6,1.975132928357909e-05,1.408050941678217,0.5892404492617247,0.18878645985057474,0.11711901101493759,nan,nan,nan,nan,nan,nan,5,0.04165583802162416,0.16324337473468659,4.825827274568395,0.6833860949547986,0.6564419871803894,0.022254723278298173,0.023756971293189,0.005084353722249979,1.5634596983071716,1.5503052994054092,4.73699665064936,0.007044483777729484,0.15382003058799767,0.18348619842030844,0.15810340006353926,0.02203079307046693,0.021336831168474783,0.004024792420461146,1.5640671816658624,1.5498361228741477,4.734453508345847,0.005400224104813931,0.16199192864244646,,,,,,,,,,,,,,,,,,,,,,,,,,,,,,
7,1.9662097128082828e-05,1.40366759173458,0.5857579265271944,0.1818390791214895,0.11358010380867674,nan,nan,nan,nan,nan,nan,5,0.0415665748905836,0.16790918916550665,4.889032602080086,0.6811296415639502,0.6529518520503912,0.02163081446100386,0.023732259218887417,0.0043780623625065745,1.5654135993048353,1.5517935794517967,4.7439012200477535,0.007276311199643074,0.15639194594209735,0.1765030455357987,0.15189055451801195,0.023187960720321883,0.021537333819443276,0.0024712087986162954,1.5710068898857086,1.5577463608881064,4.769677550279599,0.005157056672156738,0.16052990996612948,,,,,,,,,,,,,,,,,,,,,,,,,,,,,,
8,1.9559508646656387e-05,1.4029157196438,0.5830029391464964,0.1842406492932321,0.11201785039663964,nan,nan,nan,nan,nan,nan,5,0.04135139048810385,0.17413415988082803,4.939736051704598,0.6805761693524406,0.6513359086112415,0.02095292731376435,0.023790263017071718,0.004264267526681139,1.5642020717392122,1.5500926323855198,4.736142327554278,0.007479885433311971,0.15897286709754224,0.1793561438260871,0.15164460453810535,0.020093374104382153,0.020720922318010187,0.0029368772841882403,1.5678558906424662,1.5530756644406616,4.749116429298283,0.005573408916861976,0.16880424858083146,,,,,,,,,,,,,,,,,,,,,,,,,,,,,,
9,1.9443722023302363e-05,1.4037830848297113,0.5814985213574584,0.1868451223593581,0.11487731156581864,nan,nan,nan,nan,nan,nan,5,0.04140896726718185,0.17914885877082615,4.964313063072628,0.6809197620241992,0.6506819754521508,0.02010862254128519,0.023625692130044826,0.003690325727914666,1.565916688538089,1.5513977210669867,4.742140847785508,0.0076675056307036115,0.16135975907706548,0.18159960125024024,0.15480215074970466,0.02261766024556146,0.019917280692431826,0.00211354231162724,1.5712598060830942,1.5557098956191804,4.761011798497594,0.00553457021369722,0.1666997345820478,,,,,,,,,,,,,,,,,,,,,,,,,,,,,,
10,1.9314915792601585e-05,1.4011051343094933,0.5806251678233493,0.18421393438742312,0.1124522966993117,0.03848057366372438,0.02090146299555691,0.1907795779080994,0.11702984273661937,0.3695093967913381,0.2059167920685624,5,0.04147155425159751,0.18427725144473237,4.981831629890165,0.6793242083264114,0.6496383111816109,0.02020228966562233,0.0232416796325619,0.003635454569552779,1.5640298558711883,1.5498067297054412,4.734024652022054,0.007579440816219812,0.1613853086112413,0.17943769763768525,0.15162362072980087,0.01956992666281258,0.020716416565301026,0.0023469442894927194,1.5674800366157084,1.5528596211348797,4.746675777248236,0.005574857349924752,0.1707838847200507,0.03371788550486749,0.02611970859432265,0.02421430335971009,0.04301920501610503,0.008783069026142303,1.559332101381089,1.556579866470498,4.757930781080767,0.0009228128987724777,0.16475456314991532,0.18600949445981907,0.15721145608316073,0.019341463902273107,0.01961556309782072,0.002011866494222114,1.5678874357816128,1.5526736109776418,4.746113067402699,0.005807459616921403,0.17108535086694057,0.36370843762743305,0.31529088015651346,0.014828374323429367,0.02672744982095695,0.0031306071233322143,1.5538541689963157,1.5253391602694122,4.627956283159383,0.008831577349873266,0.20482382502654975
11,1.9173288564425736e-05,1.3978681034162508,0.5789943606060628,0.18345408671595598,0.11033664296725822,nan,nan,nan,nan,nan,nan,5,0.04115930304493478,0.18544275945922006,4.946934396447175,0.6777307219930585,0.6474389854533635,0.020022225846727408,0.02346267459821849,0.0032175161374628407,1.5646928691186817,1.5502464207917854,4.736175836676241,0.007631208022097004,0.1622703740775475,0.17885215086325507,0.1494109308621607,0.018622997744259826,0.020801548121808035,0.002127236024204042,1.5705554302272844,1.5551174328056472,4.758039150578705,0.005777265762092509,0.17592363255232948,,,,,,,,,,,,,,,,,,,,,,,,,,,,,,
12,1.9019058717695313e-05,1.3982444827664038,0.577541799151931,0.1825610491452723,0.1098317707643556,nan,nan,nan,nan,nan,nan,5,0.041010990137310015,0.1912651714033009,5.00414554235344,0.6777868555991343,0.6465934081565757,0.019120940066483565,0.023662364895035416,0.0030175264333059844,1.5659316676898942,1.551206870013094,4.740785549734083,0.007746281725363836,0.16370825991482427,0.1781347922441661,0.1483242408872929,0.017744347793615462,0.0203986772986498,0.001547517650241121,1.5742713031065558,1.5596427067475498,4.77858824089239,0.005755127715468934,0.17332929468195094,,,,,,,,,,,,,,,,,,,,,,,,,,,,,,
13,1.8852464063655178e-05,1.3956934616373249,0.5746661082370456,0.18703544733388042,0.11291783387572606,nan,nan,nan,nan,nan,nan,5,0.04120339717473449,0.1923761358112486,5.016714713973758,0.676539192361259,0.6450598286841238,0.018690190528365524,0.02353883041578429,0.002780920147803079,1.5653803102571764,1.5506625515225136,4.737958828886138,0.007804397192153572,0.1652065352388187,0.1826307699260979,0.152396341023226,0.017320777397807366,0.02090353103777093,0.001471248562488899,1.5724213660438398,1.5547186386337184,4.7562553533587595,0.006027549417340547,0.17673009781879484,,,,,,,,,,,,,,,,,,,,,,,,,,,,,,
14,1.8673761479186834e-05,1.3929731510513288,0.5745007444074839,0.18273416336838902,0.11020379466638468,nan,nan,nan,nan,nan,nan,5,0.041047656168425185,0.19390371851302127,5.027900916801799,0.6751025484910351,0.6434567145591015,0.01889624223109102,0.023461616062091024,0.0026568137135233767,1.5650311495475184,1.550108327526622,4.735118267745001,0.007801316575903143,0.16533456414904463,0.17870914042839095,0.14746687929850788,0.015287221513432332,0.02008191479403395,0.001129032402897695,1.5740554916677834,1.5582338199541592,4.771325321939009,0.005990334155310444,0.17799824746766346,,,,,,,,,,,,,,,,,,,,,,,,,,,,,,
15,1.8483226510722914e-05,1.3930704004134877,0.5750541059068609,0.1832832724057786,0.11298539563152028,0.036625823550368905,0.019819618132920817,0.1899884137984414,0.11764367747599233,0.3518738663422943,0.20137078744089873,5,0.040947880533665534,0.19992239476656673,5.0196666532651095,0.6748167013287757,0.6435640676930366,0.019231662645062732,0.023373779011001957,0.0024171957505090065,1.5654239350562236,1.550821801576744,4.7382267451650035,0.007678770683851595,0.16392620845057926,0.17877820290992957,0.15052198733336103,0.01817889730442139,0.02000572487591905,0.0014591463690407332,1.5679185022571143,1.5507592638388865,4.73612322098009,0.00565878329481134,0.1730237281295982,0.032138228908110245,0.0244898607597739,0.023228584693236225,0.043996412815810286,0.006368879243211762,1.5661650366182036,1.5632590993100677,4.789115580553052,0.0008915252146613577,0.16427702834716718,0.18548839695666844,0.15622171767378318,0.017929674343594826,0.01881907025295443,0.0012031560352457314,1.5680061717310743,1.5501342702193233,4.733473596286635,0.00589714668411241,0.1734610642195735,0.3463084726170865,0.2991903723668939,0.014848549996193597,0.02586215375860318,0.0017517033778559757,1.5575779877263272,1.5260528442997192,4.6314339604142445,0.008572410115627286,0.20352625315428774
16,1.8281152949374533e-05,1.3875891859816616,0.5718903022188697,0.18325705881444895,0.11261309150818379,nan,nan,nan,nan,nan,nan,5,0.04092485982226664,0.20226796335891056,5.011885733485499,0.6720885201083663,0.6406708898679033,0.018547367876255386,0.023319783391323595,0.0024885053630101356,1.5629454978969368,1.5483211081075883,4.726154711575315,0.007758386225029694,0.16573050939420794,0.17863954142188568,0.15049040305987665,0.01905697461244925,0.020124936781563584,0.0010563579960023305,1.5701540420430722,1.5527075302536115,4.745457948320768,0.005592529963879836,0.17341966315688412,,,,,,,,,,,,,,,,,,,,,,,,,,,,,,
17,1.806785237792671e-05,1.389297631703624,0.5725149762508766,0.18855899595867423,0.11634789382265975,nan,nan,nan,nan,nan,nan,5,0.04091026205277434,0.20452263550535107,5.010495668371924,0.6728402556730934,0.6401002912692013,0.018573851948927148,0.023277708618783977,0.0023411253494714807,1.562864364831092,1.5475871226586244,4.723029020178957,0.007909308072265578,0.16709949325863122,0.18386099002959772,0.15543126099450483,0.018972940008732866,0.019712254573197863,0.0020125890068399457,1.5610152105750639,1.5409972040627684,4.692241077450545,0.005782129799568944,0.17331389052672996,,,,,,,,,,,,,,,,,,,,,,,,,,,,,,
18,1.7843653690400287e-05,1.3916565276079498,0.5720946511570805,0.1854250323815496,0.11304630187625332,nan,nan,nan,nan,nan,nan,5,0.040514483129274144,0.20536207078356414,5.048833598733232,0.6740413373931801,0.6418902357223716,0.018231868128764945,0.023118054156705443,0.0021645795366488038,1.5633340651881555,1.5482358649214336,4.725958588949911,0.007837666668923264,0.16627862834676999,0.18108804839543785,0.1518931548292749,0.017021987571295354,0.019603747824377276,0.0013743347961140177,1.5658363738993781,1.5478583297680517,4.722818841047846,0.005801309177153545,0.17541905682294529,,,,,,,,,,,,,,,,,,,,,,,,,,,,,,
19,1.760890258492118e-05,1.38755061083695,0.5700831321077978,0.1830344388904645,0.11072602393283443,nan,nan,nan,nan,nan,nan,5,0.04069849362866067,0.20773515680577476,5.051695198938155,0.67187314459638,0.6390987555597943,0.018342432640522273,0.023237328726952694,0.0021150699123114263,1.5632371829563687,1.5480045430309384,4.7251185133276,0.007845917446171614,0.16730023624499762,0.17880948964192836,0.14862282952907843,0.016591061577789147,0.02052090761753647,0.0008970562718079289,1.576975636624372,1.5595959025725816,4.777183110740914,0.005811615363273998,0.17890044426903576,,,,,,,,,,,,,,,,,,,,,,,,,,,,,,
20,1.7363961030678935e-05,1.3834984167756825,0.5700228180034639,0.18354007010045062,0.11199128850134897,0.036362185920649395,0.01990169457716494,0.1902580033344799,0.11659577105158088,0.3640091732378024,0.20414895216602505,5,0.04065719744157903,0.20786321583378017,5.046655482943898,0.6699268523522439,0.6378538368207247,0.017919373760880226,0.023456134421666844,0.0019066239677964754,1.5660978516225408,1.5511999718057434,4.739948394613235,0.007740680278667906,0.16626515076490966,0.17922159516807612,0.15021016775487747,0.017138106639509532,0.019720302168610183,0.0009690747039556206,1.568962373638671,1.5509874867153979,4.736988326534052,0.005704463861267332,0.1761493362024644,0.03224802442531955,0.02449691774505953,0.02092008701392803,0.04421674792449116,0.005780235489370015,1.564079606589805,1.561186326618546,4.7791262078053265,0.0008829784458798081,0.16492159162723014,0.18593518728179434,0.15586086346900282,0.01695468621678948,0.01850529472300248,0.000719027057443314,1.5692065117379395,1.5504775444159866,4.734881438936562,0.005945538009957013,0.1767107243345184,0.3585554192094833,0.3092152198524445,0.013666981709133573,0.025864956054234656,0.0010585149071417688,1.5628959265840499,1.5305228054291944,4.651746870407766,0.00882450132099519,0.20928534098562276
21,1.7109206709796485e-05,1.3812082461033743,0.5681221030916591,0.18665432118296457,0.1138955978923344,nan,nan,nan,nan,nan,nan,5,0.04050669715643086,0.20862935880580713,5.044718232543306,0.6687477540004821,0.6362986629260747,0.018033157146475444,0.023006156264341597,0.00203093329447323,1.5602126808523595,1.5450337319948984,4.710760801576442,0.0077966131748337195,0.1673824764449671,0.18224406135306562,0.15292158612714282,0.017351570340647438,0.019733470996108837,0.0016194843903514354,1.5590097059217785,1.5400913900974695,4.686156272214179,0.005752087494982496,0.17484459614591802,,,,,,,,,,,,,,,,,,,,,,,,,,,,,,
22,1.6845032434971662e-05,1.3805117017250097,0.5685493064494758,0.184149255401819,0.11199284589366057,nan,nan,nan,nan,nan,nan,5,0.040852318118965815,0.20995794475330842,5.061124730981786,0.6683163353749872,0.6362504143751974,0.018077742187113246,0.023028233521803523,0.0018910577443719163,1.5613023982142142,1.5464157818382132,4.716829770422581,0.007704840681822045,0.1665878512885721,0.17992158019465493,0.15012139576909514,0.016493547009097158,0.02053322669641647,0.000941934053130861,1.5674491267407755,1.548110659708743,4.722847220223459,0.005834619850904738,0.1796043729554381,,,,,,,,,,,,,,,,,,,,,,,,,,,,,,
23,1.6571845543788514e-05,1.380796766770977,0.5671288350794481,0.18845160619063198,0.11346673505345443,nan,nan,nan,nan,nan,nan,5,0.04053879588184761,0.2133291339715787,5.04250648716775,0.6683747446970927,0.6357912392696826,0.017670280468306446,0.02303808942659087,0.0018283002335110097,1.560616085626495,1.545671051704074,4.713552705315506,0.007791958749855006,0.16768329031872659,0.18428530138569024,0.15271170048266006,0.015975786331643017,0.02003049551455994,0.0008502946779077874,1.5697308676559925,1.5485971849321505,4.726307309215906,0.006164175711985529,0.1843372940407891,,,,,,,,,,,,,,,,,,,,,,,,,,,,,,
24,1.6290067270632266e-05,1.3775784268869842,0.5666518991645555,0.18697106579411343,0.11542794169159627,nan,nan,nan,nan,nan,nan,5,0.04036167531321747,0.2111855061153519,5.030774911340408,0.6668460514307472,0.6345888445897766,0.01804129570889412,0.022718338996789277,0.0017307355553749877,1.5602029076189816,1.545193660574097,4.711289435743554,0.007706745152988623,0.16627791877981613,0.18263468654603704,0.15413052428246185,0.01702485478667356,0.019230789075766322,0.0009807561407499834,1.5650296955879188,1.543870189045357,4.70405132475015,0.005769847937073794,0.1785139494864446,,,,,,,,,,,,,,,,,,,,,,,,,,,,,,
25,1.6000132097176428e-05,1.377772624300252,0.5649554093169699,0.18566026203947925,0.11396203680502759,0.03595538417085978,0.019679530145366404,0.19256478830663049,0.11867613275446919,0.35927946312044046,0.20369556878491488,5,0.040627985420090516,0.21597585183578302,5.019987158915793,0.6667214720642005,0.6340422294809313,0.01792206070630407,0.022609264559987543,0.0015964045531010622,1.5600753440457793,1.5449664461979271,4.710255206932137,0.007773301280195277,0.16781195543345112,0.18133610506451778,0.1524067602557777,0.017028783931264075,0.019514241071607936,0.0010125671627954495,1.5626318522845575,1.541345335647103,4.691524319156588,0.005806556360697703,0.17876136178631383,0.03178826182374325,0.02424709034420101,0.0218930674414936,0.04321137685964898,0.00417154511903156,1.5654434485258806,1.5624715875281332,4.7845150737332105,0.0008542453200409631,0.16270314190691734,0.18823844149613128,0.15825053659020386,0.016788160087152487,0.018338281721064848,0.0008446945662671646,1.5624912752618554,1.5402890168853094,4.686874735004486,0.0060541727069069,0.179564278072463,0.35385750969431073,0.3046041394549983,0.013773264556345005,0.02573109252415592,0.0010522718506421314,1.5590512980112772,1.5225472924109416,4.614843721682005,0.008905174486339628,0.2124870430756912
26,1.570248708244355e-05,1.3743673529507823,0.564580056562793,0.18553702615994555,0.11099045094521928,nan,nan,nan,nan,nan,nan,5,0.04043009147927939,0.21663231350527754,5.060327879301281,0.6650600289408268,0.6325384949871116,0.01759095021569127,0.022589334806516464,0.0016120470003633538,1.5596653375470413,1.5444992032612646,4.707897056670344,0.007734472939082227,0.16850804276375514,0.18156498258096776,0.14924880860269293,0.01484013020822926,0.019686242449690135,0.0011334692651430377,1.561658069992278,1.540947393585822,4.689062235363391,0.0061859370754046815,0.18663028947038648,,,,,,,,,,,,,,,,,,,,,,,,,,,,,,
27,1.5397591173472607e-05,1.3742274847012739,0.5624340024872649,0.18380942830196242,0.11137694714843743,nan,nan,nan,nan,nan,nan,5,0.04030595196313431,0.21717445307015523,5.064710615921287,0.664977192569467,0.6311898689490488,0.01757027883602684,0.022740034019455305,0.001753779921397762,1.557693807450944,1.5419204595260094,4.696278468539748,0.007879648330780956,0.17021777050408576,0.17969449032802529,0.14923374803674913,0.015918808206653673,0.019338301561791258,0.0008279235925734591,1.564914908253402,1.5457030418241098,4.7107171887219925,0.005825639881539798,0.18168625901101923,,,,,,,,,,,,,,,,,,,,,,,,,,,,,,
28,1.5085914497655932e-05,1.3740853481383581,0.5630966191158059,0.18636893318503303,0.11143305563592162,nan,nan,nan,nan,nan,nan,5,0.04022617182393621,0.2166181998706441,5.087621287586561,0.6649754645197624,0.63144963982307,0.017389734684860925,0.02246044868389762,0.0015487154022067017,1.5590663119510284,1.54373293807763,4.704257277230352,0.007788097724739806,0.16913556343196548,0.18261825831541273,0.1493674682563527,0.013515111491707752,0.019751688822869044,0.0006443182086065098,1.569471213491428,1.547813409501018,4.721360393333381,0.0063530051046014925,0.18818386677245041,,,,,,,,,,,,,,,,,,,,,,,,,,,,,,
29,1.4767937637836864e-05,1.3728189253181589,0.5629738367710102,0.18714971136430975,0.11581555422804493,nan,nan,nan,nan,nan,nan,5,0.04030691705072258,0.21956071529100768,5.090080937013295,0.6641949244334948,0.6305230609275658,0.01742431446664505,0.022467200806800775,0.0015520678363171656,1.5598454467222846,1.544253642923425,4.706876817401481,0.0077851654156908525,0.1700002596636033,0.18267110211832926,0.15424314318857751,0.01798776205724546,0.018933637374486667,0.0009735345407640947,1.5629729569356035,1.5414504870211132,4.691624281381515,0.00566470797010302,0.1773346191826448,,,,,,,,,,,,,,,,,,,,,,,,,,,,,,
30,1.4444150891285819e-05,1.370403177767131,0.561342374330893,0.18705356821189115,0.11545249934942084,0.03662641348567495,0.020210361050735273,0.19394222961082094,0.120214610426193,0.36895842370009735,0.20858365927470912,5,0.040302279073882785,0.22100011788634963,5.077639246633316,0.6629863881863645,0.6294964296918599,0.017056554494674997,0.022485309994876163,0.0014356438317334947,1.5604606862086878,1.5449786447165046,4.71012639480937,0.00782850325975065,0.17035669031723852,0.18262568246103744,0.15373006329023967,0.01769301332560165,0.01917251726209574,0.0008981540427401325,1.563810182849887,1.5416989596953155,4.692676153536531,0.0057626890544147874,0.1803600466323286,0.03277267284955057,0.02494977334465294,0.019654518678395724,0.04403480082053226,0.004314335852767327,1.5585160239985014,1.5558110712379483,4.752727202998015,0.0008617580158630576,0.16309809457858485,0.18949170497652662,0.15954930885993923,0.017599007404278066,0.01793377498357168,0.0007168448309279392,1.5640748938742297,1.5409933503590565,4.689673583970952,0.006007735722736249,0.181223144551731,0.3633276546684002,0.31410310497268157,0.014643162039421159,0.025262794617486848,0.0008125540756110925,1.5616215931016102,1.5238874014667978,4.621107730088929,0.008856004910400735,0.21261800297163078
31,1.4115053513697447e-05,1.3671355085882173,0.5609474716952128,0.18361352796321953,0.1116373523464492,nan,nan,nan,nan,nan,nan,5,0.040074940690581894,0.21863008886302593,5.080488474099711,0.6614842982594381,0.6285455162972934,0.01712174448063907,0.022311142682066708,0.0014275577147053952,1.5593136719002438,1.5439594148482338,4.70506995542251,0.007697817714485262,0.16942736271274347,0.1795526903927825,0.14922569164158653,0.015474738042768093,0.01882914358228946,0.001181562461987056,1.5592256262802238,1.5377440962910969,4.673639542306975,0.00590621897065961,0.18392897463086555,,,,,,,,,,,,,,,,,,,,,,,,,,,,,,
32,1.3781152949374537e-05,1.3726486304129009,0.5606628564301813,0.18580691996098947,0.11218597171362449,nan,nan,nan,nan,nan,nan,5,0.0402619318994829,0.22141115147911916,5.078919559553842,0.6641425022515882,0.6300954200566793,0.016674806082190664,0.022385166393670945,0.0014426449639961425,1.559538923159285,1.5437225432646422,4.704217032272148,0.007840272558142278,0.17205661820652168,0.1817776280774747,0.1499791729678008,0.015402132476520534,0.01935919258039086,0.0005117738492651846,1.5716430059655622,1.5483352464214404,4.724321128359668,0.006151795447802978,0.18846424427789527,,,,,,,,,,,,,,,,,,,,,,,,,,,,,,
33,1.3442964048785679e-05,1.3669103376703455,0.5598651695305084,0.18120649779265707,0.1106858564722343,nan,nan,nan,nan,nan,nan,5,0.03996676579539968,0.22120496360649988,5.130455297455383,0.661283730065752,0.628220551348091,0.01686355261556936,0.02248858873239717,0.001524494580990429,1.5583832062528926,1.5429103529457604,4.699853252093974,0.0076901877606145854,0.170625955262215,0.17704090329831343,0.14753963306103074,0.016317805094658144,0.019134410719952567,0.0010236651288597208,1.5615156485616524,1.5408687304593127,4.687074454281865,0.00571134127437531,0.18271613782667126,,,,,,,,,,,,,,,,,,,,,,,,,,,,,,
34,1.310100827470316e-05,1.3673118285935522,0.5591915955108069,0.18420487448835,0.11176508421806869,nan,nan,nan,nan,nan,nan,5,0.04017329393939521,0.22205990070890036,5.120494506197886,0.6614833756046785,0.6271642531605616,0.0166200539523753,0.022456358446392485,0.0014333235183735917,1.559476828955741,1.5435847865324865,4.703435326085282,0.007859780043094918,0.17219110255156195,0.18011241875430778,0.14905461985161997,0.01585612953420613,0.01920509221063529,0.0006287765717624736,1.5666574628994387,1.5436102950813029,4.700890325406444,0.006011680505250949,0.18791535005341053,,,,,,,,,,,,,,,,,,,,,,,,,,,,,,
35,1.2755812898145165e-05,1.3615130447127988,0.5580694284431741,0.18186551825495367,0.11077832433349252,0.03620762464481835,0.019913330267481714,0.18857276758972938,0.11532157528822379,0.3528622275757251,0.19778135105905353,5,0.040084891716880205,0.22245688257790913,5.093303802974034,0.6585362919062374,0.6247501139295961,0.01698834357854229,0.02239802616920319,0.0014681896797559693,1.5593887067116183,1.5435801169508416,4.703425439331662,0.007695381222648924,0.1720311525897518,0.17783633813753594,0.14768062089553205,0.015439557308473184,0.018736465729092915,0.0009815211656027355,1.5608530708501973,1.5391279412254073,4.679735467930526,0.005849075970364317,0.18473765849608872,0.03217714941898282,0.024765346809385774,0.02124770886006994,0.04358211405786563,0.0031968836980619123,1.5620371132552364,1.5595026542374966,4.769646675782627,0.0008359661510592445,0.15930152304348702,0.18454877980906287,0.15325846771563686,0.015154969516306455,0.017501037087383244,0.0008629395024250149,1.560793868749686,1.538109205751729,4.675239893980979,0.006099731615678793,0.18600945984113046,0.3477310046602918,0.29642563251720333,0.012490253301436242,0.024983860242272036,0.0008717150387339859,1.55977686964819,1.523472929872072,4.617279516674772,0.008893496322135666,0.21781657476885474
36,1.2407910185362087e-05,1.3639138920172078,0.5580955693448465,0.18219669260012436,0.1100442452700562,nan,nan,nan,nan,nan,nan,5,0.040038969806921954,0.22175665499975247,5.092537049064293,0.6598051211654796,0.6257982611725851,0.016760866504551792,0.022233643947005437,0.001352039430894996,1.5590469019084718,1.5431895666244957,4.701609145857958,0.007780094443313646,0.17197630885060738,0.17862550704953653,0.14722008565945033,0.01246788552800262,0.01890655698639733,0.0007947292315901755,1.5626088771771562,1.5410914981868475,4.688216546498563,0.006025964326127206,0.18717617190338576,,,,,,,,,,,,,,,,,,,,,,,,,,,,,,
37,1.2057836577120549e-05,1.361766075846352,0.5582804203982853,0.18386100018758023,0.1126066137557361,nan,nan,nan,nan,nan,nan,5,0.0397356963280789,0.22295685452315125,5.069314688813292,0.6587053228661435,0.6253173503364309,0.01668237872298316,0.022092304650570806,0.001332628651719244,1.5583691768384564,1.5429112666996414,4.699994318297996,0.007654141151658928,0.17143875116065677,0.1797824006571396,0.15040876296367972,0.015491512019391265,0.01840205146772472,0.001335290309428199,1.5566930633471543,1.533790012311245,4.655500080474767,0.005788372013984808,0.1838899653941909,,,,,,,,,,,,,,,,,,,,,,,,,,,,,,
38,1.1706131861550614e-05,1.360154129159787,0.555489081791396,0.18797924938328198,0.11553616104784024,nan,nan,nan,nan,nan,nan,5,0.039717933559314314,0.2220721198234916,5.095295952107014,0.6579516693478294,0.6239488857768749,0.01670572301100357,0.022016908661906864,0.0014073855968702198,1.557311447103497,1.5413800803376074,4.6932099681502075,0.007788148965729703,0.1725402795982322,0.18367365408583067,0.15347062912803994,0.016865710673754225,0.019107852918820237,0.0009990790597592706,1.5606769484336944,1.5351564041395585,4.662407868134862,0.0060069867360129335,0.18540918138895876,,,,,,,,,,,,,,,,,,,,,,,,,,,,,,
